category_id,category_name
181,Hopman Cup
3,ATP
72,Challenger
6,WTA
76,Davis Cup
74,Federation Cup
3,ATP
3,ATP
6,WTA
6,WTA
3,ATP
3,ATP
3,ATP
6,WTA
6,WTA
3,ATP
3,ATP
3,ATP
6,WTA
6,WTA
3,ATP
3,ATP
3,ATP
6,WTA
6,WTA
3,ATP
3,ATP
3,ATP
3,ATP
3,ATP
3,ATP
3,ATP
3,ATP
3,ATP
3,ATP
3,ATP
3,ATP
3,ATP
3,ATP
3,ATP
3,ATP
3,ATP
3,ATP
3,ATP
6,WTA
6,WTA
3,ATP
3,ATP
3,ATP
3,ATP
6,WTA
6,WTA
3,ATP
3,ATP
6,WTA
6,WTA
3,ATP
3,ATP
3,ATP
3,ATP
3,ATP
3,ATP
3,ATP
3,ATP
3,ATP
3,ATP
3,ATP
3,ATP
3,ATP
3,ATP
6,WTA
6,WTA
3,ATP
3,ATP
3,ATP
3,ATP
3,ATP
3,ATP
3,ATP
3,ATP
6,WTA
6,WTA
6,WTA
6,WTA
6,WTA
6,WTA
6,WTA
6,WTA
72,Challenger
72,Challenger
3,ATP
3,ATP
6,WTA
6,WTA
3,ATP
3,ATP
3,ATP
3,ATP
3,ATP
3,ATP
6,WTA
6,WTA
3,ATP
3,ATP
3,ATP
3,ATP
6,WTA
6,WTA
6,WTA
6,WTA
6,WTA
6,WTA
6,WTA
6,WTA
3,ATP
3,ATP
6,WTA
6,WTA
6,WTA
6,WTA
3,ATP
3,ATP
3,ATP
3,ATP
3,ATP
3,ATP
6,WTA
6,WTA
3,ATP
3,ATP
6,WTA
6,WTA
3,ATP
3,ATP
3,ATP
3,ATP
3,ATP
3,ATP
6,WTA
6,WTA
3,ATP
3,ATP
3,ATP
3,ATP
6,WTA
6,WTA
6,WTA
6,WTA
6,WTA
6,WTA
6,WTA
6,WTA
6,WTA
6,WTA
3,ATP
3,ATP
6,WTA
6,WTA
3,ATP
3,ATP
3,ATP
3,ATP
3,ATP
3,ATP
3,ATP
3,ATP
3,ATP
3,ATP
3,ATP
3,ATP
6,WTA
6,WTA
3,ATP
3,ATP
6,WTA
6,WTA
3,ATP
3,ATP
72,Challenger
72,Challenger
72,Challenger
72,Challenger
72,Challenger
72,Challenger
72,Challenger
72,Challenger
3,ATP
3,ATP
3,ATP
3,ATP
3,ATP
3,ATP
3,ATP
3,ATP
3,ATP
3,ATP
72,Challenger
72,Challenger
72,Challenger
72,Challenger
72,Challenger
72,Challenger
72,Challenger
72,Challenger
72,Challenger
72,Challenger
72,Challenger
72,Challenger
72,Challenger
72,Challenger
72,Challenger
72,Challenger
72,Challenger
72,Challenger
72,Challenger
72,Challenger
72,Challenger
72,Challenger
72,Challenger
72,Challenger
72,Challenger
72,Challenger
72,Challenger
72,Challenger
72,Challenger
72,Challenger
72,Challenger
72,Challenger
72,Challenger
72,Challenger
72,Challenger
72,Challenger
72,Challenger
72,Challenger
72,Challenger
72,Challenger
72,Challenger
72,Challenger
72,Challenger
72,Challenger
72,Challenger
72,Challenger
72,Challenger
72,Challenger
72,Challenger
72,Challenger
72,Challenger
72,Challenger
72,Challenger
72,Challenger
72,Challenger
72,Challenger
72,Challenger
72,Challenger
72,Challenger
72,Challenger
72,Challenger
72,Challenger
72,Challenger
72,Challenger
72,Challenger
72,Challenger
72,Challenger
72,Challenger
72,Challenger
72,Challenger
72,Challenger
72,Challenger
72,Challenger
72,Challenger
72,Challenger
72,Challenger
72,Challenger
72,Challenger
72,Challenger
72,Challenger
72,Challenger
72,Challenger
72,Challenger
72,Challenger
72,Challenger
72,Challenger
72,Challenger
72,Challenger
72,Challenger
72,Challenger
72,Challenger
72,Challenger
72,Challenger
72,Challenger
72,Challenger
72,Challenger
72,Challenger
72,Challenger
72,Challenger
72,Challenger
72,Challenger
72,Challenger
72,Challenger
72,Challenger
72,Challenger
72,Challenger
72,Challenger
72,Challenger
72,Challenger
72,Challenger
72,Challenger
72,Challenger
72,Challenger
72,Challenger
72,Challenger
72,Challenger
72,Challenger
72,Challenger
72,Challenger
72,Challenger
72,Challenger
72,Challenger
72,Challenger
72,Challenger
72,Challenger
72,Challenger
72,Challenger
72,Challenger
72,Challenger
72,Challenger
72,Challenger
72,Challenger
72,Challenger
72,Challenger
72,Challenger
72,Challenger
72,Challenger
72,Challenger
72,Challenger
72,Challenger
72,Challenger
72,Challenger
72,Challenger
72,Challenger
72,Challenger
72,Challenger
72,Challenger
72,Challenger
72,Challenger
72,Challenger
72,Challenger
72,Challenger
72,Challenger
72,Challenger
72,Challenger
72,Challenger
3,ATP
3,ATP
72,Challenger
72,Challenger
72,Challenger
72,Challenger
785,ITF Men
785,ITF Men
72,Challenger
72,Challenger
6,WTA
6,WTA
72,Challenger
72,Challenger
6,WTA
6,WTA
72,Challenger
72,Challenger
72,Challenger
72,Challenger
3,ATP
3,ATP
785,ITF Men
785,ITF Men
213,ITF Women
213,ITF Women
6,WTA
6,WTA
72,Challenger
72,Challenger
6,WTA
6,WTA
72,Challenger
72,Challenger
6,WTA
6,WTA
785,ITF Men
785,ITF Men
6,WTA
6,WTA
72,Challenger
72,Challenger
213,ITF Women
213,ITF Women
785,ITF Men
785,ITF Men
213,ITF Women
213,ITF Women
72,Challenger
72,Challenger
6,WTA
6,WTA
72,Challenger
72,Challenger
6,WTA
6,WTA
785,ITF Men
785,ITF Men
213,ITF Women
213,ITF Women
213,ITF Women
213,ITF Women
6,WTA
6,WTA
72,Challenger
72,Challenger
72,Challenger
72,Challenger
6,WTA
6,WTA
72,Challenger
72,Challenger
72,Challenger
72,Challenger
72,Challenger
72,Challenger
213,ITF Women
213,ITF Women
785,ITF Men
785,ITF Men
72,Challenger
72,Challenger
785,ITF Men
785,ITF Men
785,ITF Men
785,ITF Men
785,ITF Men
785,ITF Men
213,ITF Women
213,ITF Women
213,ITF Women
213,ITF Women
213,ITF Women
213,ITF Women
213,ITF Women
213,ITF Women
72,Challenger
72,Challenger
72,Challenger
72,Challenger
72,Challenger
72,Challenger
72,Challenger
72,Challenger
72,Challenger
72,Challenger
72,Challenger
72,Challenger
213,ITF Women
785,ITF Men
785,ITF Men
72,Challenger
72,Challenger
6,WTA
6,WTA
785,ITF Men
785,ITF Men
213,ITF Women
213,ITF Women
785,ITF Men
785,ITF Men
785,ITF Men
785,ITF Men
72,Challenger
72,Challenger
213,ITF Women
213,ITF Women
785,ITF Men
785,ITF Men
72,Challenger
72,Challenger
785,ITF Men
785,ITF Men
72,Challenger
72,Challenger
785,ITF Men
785,ITF Men
785,ITF Men
785,ITF Men
213,ITF Women
213,ITF Women
213,ITF Women
213,ITF Women
785,ITF Men
785,ITF Men
213,ITF Women
213,ITF Women
3,ATP
3,ATP
72,Challenger
72,Challenger
6,WTA
6,WTA
6,WTA
6,WTA
6,WTA
6,WTA
785,ITF Men
785,ITF Men
785,ITF Men
785,ITF Men
785,ITF Men
785,ITF Men
785,ITF Men
785,ITF Men
785,ITF Men
785,ITF Men
72,Challenger
72,Challenger
785,ITF Men
785,ITF Men
785,ITF Men
785,ITF Men
213,ITF Women
213,ITF Women
213,ITF Women
785,ITF Men
785,ITF Men
213,ITF Women
213,ITF Women
72,Challenger
72,Challenger
213,ITF Women
213,ITF Women
785,ITF Men
785,ITF Men
213,ITF Women
213,ITF Women
72,Challenger
72,Challenger
785,ITF Men
785,ITF Men
785,ITF Men
785,ITF Men
785,ITF Men
785,ITF Men
785,ITF Men
785,ITF Men
785,ITF Men
785,ITF Men
213,ITF Women
213,ITF Women
785,ITF Men
785,ITF Men
213,ITF Women
213,ITF Women
213,ITF Women
213,ITF Women
785,ITF Men
785,ITF Men
785,ITF Men
785,ITF Men
785,ITF Men
785,ITF Men
785,ITF Men
785,ITF Men
6,WTA
6,WTA
3,ATP
3,ATP
785,ITF Men
785,ITF Men
72,Challenger
72,Challenger
72,Challenger
72,Challenger
6,WTA
6,WTA
72,Challenger
72,Challenger
785,ITF Men
785,ITF Men
785,ITF Men
785,ITF Men
785,ITF Men
785,ITF Men
213,ITF Women
213,ITF Women
213,ITF Women
213,ITF Women
6,WTA
6,WTA
3,ATP
3,ATP
6,WTA
6,WTA
3,ATP
785,ITF Men
785,ITF Men
6,WTA
6,WTA
3,ATP
3,ATP
72,Challenger
72,Challenger
785,ITF Men
785,ITF Men
213,ITF Women
213,ITF Women
6,WTA
6,WTA
213,ITF Women
213,ITF Women
213,ITF Women
213,ITF Women
785,ITF Men
785,ITF Men
785,ITF Men
785,ITF Men
785,ITF Men
785,ITF Men
213,ITF Women
213,ITF Women
213,ITF Women
213,ITF Women
785,ITF Men
785,ITF Men
785,ITF Men
785,ITF Men
785,ITF Men
785,ITF Men
785,ITF Men
785,ITF Men
785,ITF Men
785,ITF Men
213,ITF Women
213,ITF Women
72,Challenger
72,Challenger
213,ITF Women
213,ITF Women
785,ITF Men
785,ITF Men
785,ITF Men
785,ITF Men
785,ITF Men
785,ITF Men
785,ITF Men
785,ITF Men
785,ITF Men
785,ITF Men
785,ITF Men
785,ITF Men
6,WTA
6,WTA
785,ITF Men
785,ITF Men
213,ITF Women
213,ITF Women
785,ITF Men
785,ITF Men
213,ITF Women
213,ITF Women
6,WTA
6,WTA
72,Challenger
72,Challenger
72,Challenger
72,Challenger
785,ITF Men
785,ITF Men
785,ITF Men
785,ITF Men
213,ITF Women
213,ITF Women
213,ITF Women
213,ITF Women
871,WTA 125K
871,WTA 125K
72,Challenger
72,Challenger
72,Challenger
72,Challenger
785,ITF Men
785,ITF Men
785,ITF Men
785,ITF Men
6,WTA
6,WTA
72,Challenger
72,Challenger
871,WTA 125K
871,WTA 125K
6,WTA
6,WTA
72,Challenger
72,Challenger
785,ITF Men
785,ITF Men
785,ITF Men
785,ITF Men
785,ITF Men
213,ITF Women
213,ITF Women
785,ITF Men
785,ITF Men
72,Challenger
6,WTA
6,WTA
72,Challenger
72,Challenger
785,ITF Men
785,ITF Men
213,ITF Women
213,ITF Women
3,ATP
3,ATP
6,WTA
6,WTA
213,ITF Women
213,ITF Women
785,ITF Men
785,ITF Men
213,ITF Women
213,ITF Women
785,ITF Men
785,ITF Men
213,ITF Women
213,ITF Women
785,ITF Men
785,ITF Men
785,ITF Men
785,ITF Men
213,ITF Women
213,ITF Women
213,ITF Women
213,ITF Women
72,Challenger
72,Challenger
785,ITF Men
785,ITF Men
785,ITF Men
785,ITF Men
785,ITF Men
785,ITF Men
785,ITF Men
785,ITF Men
785,ITF Men
785,ITF Men
785,ITF Men
785,ITF Men
72,Challenger
72,Challenger
785,ITF Men
785,ITF Men
72,Challenger
72,Challenger
785,ITF Men
785,ITF Men
213,ITF Women
213,ITF Women
785,ITF Men
785,ITF Men
72,Challenger
72,Challenger
785,ITF Men
785,ITF Men
785,ITF Men
785,ITF Men
72,Challenger
72,Challenger
785,ITF Men
785,ITF Men
213,ITF Women
213,ITF Women
785,ITF Men
785,ITF Men
785,ITF Men
785,ITF Men
785,ITF Men
785,ITF Men
785,ITF Men
785,ITF Men
785,ITF Men
785,ITF Men
785,ITF Men
785,ITF Men
785,ITF Men
785,ITF Men
785,ITF Men
785,ITF Men
785,ITF Men
785,ITF Men
72,Challenger
72,Challenger
72,Challenger
72,Challenger
785,ITF Men
785,ITF Men
785,ITF Men
785,ITF Men
785,ITF Men
785,ITF Men
213,ITF Women
213,ITF Women
785,ITF Men
785,ITF Men
72,Challenger
72,Challenger
72,Challenger
72,Challenger
72,Challenger
72,Challenger
785,ITF Men
785,ITF Men
785,ITF Men
785,ITF Men
785,ITF Men
785,ITF Men
785,ITF Men
785,ITF Men
213,ITF Women
213,ITF Women
785,ITF Men
785,ITF Men
213,ITF Women
213,ITF Women
6,WTA
6,WTA
6,WTA
6,WTA
6,WTA
6,WTA
3,ATP
3,ATP
3,ATP
3,ATP
72,Challenger
72,Challenger
72,Challenger
72,Challenger
72,Challenger
72,Challenger
72,Challenger
72,Challenger
785,ITF Men
785,ITF Men
785,ITF Men
785,ITF Men
72,Challenger
72,Challenger
785,ITF Men
785,ITF Men
785,ITF Men
785,ITF Men
785,ITF Men
785,ITF Men
785,ITF Men
785,ITF Men
213,ITF Women
213,ITF Women
785,ITF Men
72,Challenger
72,Challenger
72,Challenger
72,Challenger
785,ITF Men
785,ITF Men
72,Challenger
72,Challenger
72,Challenger
72,Challenger
72,Challenger
72,Challenger
785,ITF Men
785,ITF Men
72,Challenger
72,Challenger
72,Challenger
72,Challenger
72,Challenger
72,Challenger
72,Challenger
72,Challenger
72,Challenger
72,Challenger
871,WTA 125K
871,WTA 125K
871,WTA 125K
871,WTA 125K
785,ITF Men
785,ITF Men
72,Challenger
72,Challenger
213,ITF Women
213,ITF Women
785,ITF Men
785,ITF Men
785,ITF Men
785,ITF Men
72,Challenger
72,Challenger
72,Challenger
72,Challenger
72,Challenger
72,Challenger
871,WTA 125K
871,WTA 125K
6,WTA
6,WTA
785,ITF Men
785,ITF Men
785,ITF Men
785,ITF Men
72,Challenger
72,Challenger
72,Challenger
72,Challenger
785,ITF Men
785,ITF Men
1012,IPTL
79,Exhibition
72,Challenger
72,Challenger
72,Challenger
72,Challenger
72,Challenger
72,Challenger
72,Challenger
72,Challenger
72,Challenger
72,Challenger
72,Challenger
72,Challenger
3,ATP
3,ATP
3,ATP
3,ATP
3,ATP
3,ATP
6,WTA
6,WTA
72,Challenger
72,Challenger
72,Challenger
72,Challenger
72,Challenger
72,Challenger
72,Challenger
72,Challenger
72,Challenger
72,Challenger
72,Challenger
72,Challenger
72,Challenger
72,Challenger
72,Challenger
72,Challenger
3,ATP
3,ATP
785,ITF Men
785,ITF Men
213,ITF Women
213,ITF Women
785,ITF Men
785,ITF Men
213,ITF Women
213,ITF Women
213,ITF Women
213,ITF Women
213,ITF Women
213,ITF Women
213,ITF Women
213,ITF Women
72,Challenger
72,Challenger
72,Challenger
72,Challenger
72,Challenger
72,Challenger
72,Challenger
72,Challenger
871,WTA 125K
871,WTA 125K
871,WTA 125K
871,WTA 125K
871,WTA 125K
871,WTA 125K
785,ITF Men
785,ITF Men
213,ITF Women
213,ITF Women
213,ITF Women
213,ITF Women
213,ITF Women
213,ITF Women
213,ITF Women
213,ITF Women
785,ITF Men
785,ITF Men
785,ITF Men
785,ITF Men
785,ITF Men
785,ITF Men
213,ITF Women
213,ITF Women
213,ITF Women
213,ITF Women
213,ITF Women
213,ITF Women
72,Challenger
72,Challenger
72,Challenger
72,Challenger
72,Challenger
72,Challenger
72,Challenger
72,Challenger
72,Challenger
72,Challenger
72,Challenger
72,Challenger
72,Challenger
72,Challenger
72,Challenger
72,Challenger
72,Challenger
72,Challenger
72,Challenger
72,Challenger
72,Challenger
72,Challenger
785,ITF Men
785,ITF Men
785,ITF Men
785,ITF Men
213,ITF Women
213,ITF Women
785,ITF Men
785,ITF Men
785,ITF Men
785,ITF Men
213,ITF Women
213,ITF Women
785,ITF Men
785,ITF Men
213,ITF Women
213,ITF Women
213,ITF Women
213,ITF Women
785,ITF Men
785,ITF Men
785,ITF Men
785,ITF Men
213,ITF Women
213,ITF Women
785,ITF Men
785,ITF Men
785,ITF Men
785,ITF Men
72,Challenger
72,Challenger
72,Challenger
72,Challenger
72,Challenger
72,Challenger
6,WTA
6,WTA
6,WTA
6,WTA
6,WTA
6,WTA
6,WTA
6,WTA
6,WTA
6,WTA
3,ATP
3,ATP
3,ATP
3,ATP
213,ITF Women
213,ITF Women
785,ITF Men
785,ITF Men
213,ITF Women
213,ITF Women
3,ATP
3,ATP
785,ITF Men
72,Challenger
72,Challenger
72,Challenger
72,Challenger
72,Challenger
72,Challenger
72,Challenger
72,Challenger
785,ITF Men
785,ITF Men
871,WTA 125K
871,WTA 125K
871,WTA 125K
871,WTA 125K
785,ITF Men
785,ITF Men
785,ITF Men
785,ITF Men
785,ITF Men
785,ITF Men
785,ITF Men
785,ITF Men
213,ITF Women
213,ITF Women
3,ATP
3,ATP
785,ITF Men
785,ITF Men
785,ITF Men
785,ITF Men
785,ITF Men
785,ITF Men
213,ITF Women
213,ITF Women
785,ITF Men
785,ITF Men
213,ITF Women
213,ITF Women
213,ITF Women
213,ITF Women
213,ITF Women
213,ITF Women
213,ITF Women
213,ITF Women
213,ITF Women
213,ITF Women
72,Challenger
72,Challenger
72,Challenger
72,Challenger
72,Challenger
72,Challenger
785,ITF Men
785,ITF Men
785,ITF Men
785,ITF Men
785,ITF Men
785,ITF Men
785,ITF Men
785,ITF Men
785,ITF Men
785,ITF Men
213,ITF Women
213,ITF Women
213,ITF Women
213,ITF Women
785,ITF Men
785,ITF Men
213,ITF Women
213,ITF Women
785,ITF Men
785,ITF Men
785,ITF Men
785,ITF Men
785,ITF Men
785,ITF Men
785,ITF Men
785,ITF Men
785,ITF Men
785,ITF Men
785,ITF Men
785,ITF Men
213,ITF Women
213,ITF Women
213,ITF Women
213,ITF Women
213,ITF Women
213,ITF Women
785,ITF Men
785,ITF Men
785,ITF Men
785,ITF Men
785,ITF Men
785,ITF Men
785,ITF Men
785,ITF Men
785,ITF Men
785,ITF Men
213,ITF Women
213,ITF Women
785,ITF Men
785,ITF Men
785,ITF Men
785,ITF Men
785,ITF Men
785,ITF Men
213,ITF Women
213,ITF Women
6,WTA
6,WTA
785,ITF Men
785,ITF Men
213,ITF Women
213,ITF Women
213,ITF Women
213,ITF Women
785,ITF Men
785,ITF Men
785,ITF Men
785,ITF Men
213,ITF Women
213,ITF Women
785,ITF Men
785,ITF Men
72,Challenger
72,Challenger
72,Challenger
72,Challenger
72,Challenger
72,Challenger
72,Challenger
72,Challenger
72,Challenger
72,Challenger
785,ITF Men
785,ITF Men
785,ITF Men
785,ITF Men
72,Challenger
72,Challenger
3,ATP
3,ATP
785,ITF Men
785,ITF Men
213,ITF Women
213,ITF Women
785,ITF Men
785,ITF Men
785,ITF Men
785,ITF Men
785,ITF Men
785,ITF Men
785,ITF Men
785,ITF Men
213,ITF Women
213,ITF Women
871,WTA 125K
871,WTA 125K
785,ITF Men
785,ITF Men
785,ITF Men
785,ITF Men
785,ITF Men
785,ITF Men
785,ITF Men
785,ITF Men
785,ITF Men
785,ITF Men
785,ITF Men
785,ITF Men
785,ITF Men
785,ITF Men
213,ITF Women
213,ITF Women
213,ITF Women
213,ITF Women
213,ITF Women
213,ITF Women
72,Challenger
72,Challenger
213,ITF Women
213,ITF Women
213,ITF Women
785,ITF Men
785,ITF Men
785,ITF Men
785,ITF Men
785,ITF Men
785,ITF Men
785,ITF Men
785,ITF Men
213,ITF Women
213,ITF Women
213,ITF Women
213,ITF Women
213,ITF Women
213,ITF Women
785,ITF Men
785,ITF Men
785,ITF Men
785,ITF Men
785,ITF Men
785,ITF Men
785,ITF Men
785,ITF Men
785,ITF Men
785,ITF Men
785,ITF Men
785,ITF Men
213,ITF Women
213,ITF Women
213,ITF Women
213,ITF Women
785,ITF Men
785,ITF Men
785,ITF Men
785,ITF Men
785,ITF Men
785,ITF Men
213,ITF Women
213,ITF Women
3,ATP
3,ATP
6,WTA
72,Challenger
72,Challenger
6,WTA
6,WTA
6,WTA
3,ATP
6,WTA
785,ITF Men
785,ITF Men
6,WTA
79,Exhibition
785,ITF Men
785,ITF Men
3,ATP
3,ATP
3,ATP
3,ATP
3,ATP
6,WTA
6,WTA
72,Challenger
72,Challenger
72,Challenger
72,Challenger
72,Challenger
72,Challenger
1474,Juniors
1474,Juniors
1474,Juniors
1474,Juniors
1476,Wheelchairs
1476,Wheelchairs
1476,Wheelchairs
1476,Wheelchairs
1475,Legends
79,Exhibition
1475,Legends
213,ITF Women
213,ITF Women
785,ITF Men
785,ITF Men
785,ITF Men
785,ITF Men
213,ITF Women
213,ITF Women
785,ITF Men
785,ITF Men
785,ITF Men
785,ITF Men
785,ITF Men
785,ITF Men
213,ITF Women
213,ITF Women
785,ITF Men
785,ITF Men
785,ITF Men
785,ITF Men
213,ITF Women
213,ITF Women
785,ITF Men
785,ITF Men
785,ITF Men
785,ITF Men
72,Challenger
72,Challenger
72,Challenger
72,Challenger
72,Challenger
72,Challenger
72,Challenger
72,Challenger
785,ITF Men
785,ITF Men
213,ITF Women
213,ITF Women
72,Challenger
72,Challenger
785,ITF Men
785,ITF Men
213,ITF Women
213,ITF Women
785,ITF Men
785,ITF Men
871,WTA 125K
871,WTA 125K
785,ITF Men
785,ITF Men
785,ITF Men
785,ITF Men
785,ITF Men
785,ITF Men
785,ITF Men
785,ITF Men
785,ITF Men
785,ITF Men
213,ITF Women
213,ITF Women
785,ITF Men
785,ITF Men
785,ITF Men
785,ITF Men
785,ITF Men
785,ITF Men
213,ITF Women
213,ITF Women
213,ITF Women
213,ITF Women
213,ITF Women
213,ITF Women
785,ITF Men
785,ITF Men
785,ITF Men
785,ITF Men
1474,Juniors
1474,Juniors
1474,Juniors
1474,Juniors
1476,Wheelchairs
1476,Wheelchairs
1476,Wheelchairs
1476,Wheelchairs
1475,Legends
1475,Legends
213,ITF Women
213,ITF Women
213,ITF Women
213,ITF Women
213,ITF Women
213,ITF Women
785,ITF Men
785,ITF Men
213,ITF Women
213,ITF Women
785,ITF Men
785,ITF Men
213,ITF Women
213,ITF Women
785,ITF Men
785,ITF Men
785,ITF Men
785,ITF Men
213,ITF Women
213,ITF Women
213,ITF Women
213,ITF Women
213,ITF Women
213,ITF Women
213,ITF Women
213,ITF Women
72,Challenger
72,Challenger
1474,Juniors
1475,Legends
1475,Legends
1476,Wheelchairs
1476,Wheelchairs
1476,Wheelchairs
1476,Wheelchairs
1474,Juniors
1474,Juniors
1474,Juniors
785,ITF Men
785,ITF Men
785,ITF Men
785,ITF Men
785,ITF Men
785,ITF Men
785,ITF Men
785,ITF Men
785,ITF Men
785,ITF Men
785,ITF Men
785,ITF Men
785,ITF Men
785,ITF Men
785,ITF Men
785,ITF Men
785,ITF Men
785,ITF Men
785,ITF Men
785,ITF Men
785,ITF Men
785,ITF Men
785,ITF Men
785,ITF Men
785,ITF Men
785,ITF Men
785,ITF Men
785,ITF Men
785,ITF Men
785,ITF Men
785,ITF Men
785,ITF Men
785,ITF Men
785,ITF Men
785,ITF Men
785,ITF Men
785,ITF Men
785,ITF Men
785,ITF Men
785,ITF Men
785,ITF Men
785,ITF Men
785,ITF Men
785,ITF Men
785,ITF Men
785,ITF Men
785,ITF Men
785,ITF Men
785,ITF Men
785,ITF Men
785,ITF Men
785,ITF Men
785,ITF Men
785,ITF Men
785,ITF Men
785,ITF Men
785,ITF Men
785,ITF Men
785,ITF Men
785,ITF Men
785,ITF Men
785,ITF Men
785,ITF Men
785,ITF Men
785,ITF Men
785,ITF Men
785,ITF Men
785,ITF Men
785,ITF Men
785,ITF Men
785,ITF Men
785,ITF Men
785,ITF Men
785,ITF Men
785,ITF Men
785,ITF Men
785,ITF Men
785,ITF Men
785,ITF Men
785,ITF Men
785,ITF Men
785,ITF Men
785,ITF Men
785,ITF Men
785,ITF Men
785,ITF Men
785,ITF Men
785,ITF Men
785,ITF Men
785,ITF Men
785,ITF Men
785,ITF Men
785,ITF Men
785,ITF Men
785,ITF Men
785,ITF Men
785,ITF Men
785,ITF Men
785,ITF Men
785,ITF Men
785,ITF Men
785,ITF Men
785,ITF Men
785,ITF Men
785,ITF Men
785,ITF Men
785,ITF Men
785,ITF Men
785,ITF Men
785,ITF Men
785,ITF Men
213,ITF Women
213,ITF Women
213,ITF Women
213,ITF Women
213,ITF Women
213,ITF Women
213,ITF Women
213,ITF Women
213,ITF Women
213,ITF Women
213,ITF Women
213,ITF Women
213,ITF Women
213,ITF Women
213,ITF Women
213,ITF Women
213,ITF Women
213,ITF Women
213,ITF Women
213,ITF Women
213,ITF Women
213,ITF Women
213,ITF Women
213,ITF Women
213,ITF Women
213,ITF Women
785,ITF Men
785,ITF Men
785,ITF Men
785,ITF Men
785,ITF Men
785,ITF Men
785,ITF Men
785,ITF Men
785,ITF Men
785,ITF Men
785,ITF Men
785,ITF Men
785,ITF Men
785,ITF Men
785,ITF Men
785,ITF Men
785,ITF Men
785,ITF Men
785,ITF Men
785,ITF Men
785,ITF Men
785,ITF Men
785,ITF Men
785,ITF Men
785,ITF Men
785,ITF Men
785,ITF Men
785,ITF Men
785,ITF Men
785,ITF Men
785,ITF Men
785,ITF Men
785,ITF Men
785,ITF Men
785,ITF Men
785,ITF Men
785,ITF Men
785,ITF Men
213,ITF Women
213,ITF Women
213,ITF Women
213,ITF Women
213,ITF Women
213,ITF Women
213,ITF Women
213,ITF Women
213,ITF Women
213,ITF Women
213,ITF Women
213,ITF Women
213,ITF Women
213,ITF Women
213,ITF Women
213,ITF Women
213,ITF Women
213,ITF Women
213,ITF Women
213,ITF Women
213,ITF Women
213,ITF Women
213,ITF Women
213,ITF Women
213,ITF Women
213,ITF Women
213,ITF Women
213,ITF Women
785,ITF Men
785,ITF Men
785,ITF Men
785,ITF Men
785,ITF Men
785,ITF Men
213,ITF Women
213,ITF Women
785,ITF Men
785,ITF Men
785,ITF Men
785,ITF Men
785,ITF Men
785,ITF Men
785,ITF Men
785,ITF Men
785,ITF Men
785,ITF Men
785,ITF Men
785,ITF Men
785,ITF Men
785,ITF Men
785,ITF Men
785,ITF Men
785,ITF Men
785,ITF Men
785,ITF Men
785,ITF Men
785,ITF Men
785,ITF Men
785,ITF Men
785,ITF Men
785,ITF Men
785,ITF Men
785,ITF Men
785,ITF Men
785,ITF Men
785,ITF Men
213,ITF Women
213,ITF Women
213,ITF Women
213,ITF Women
213,ITF Women
213,ITF Women
213,ITF Women
213,ITF Women
213,ITF Women
213,ITF Women
213,ITF Women
213,ITF Women
213,ITF Women
213,ITF Women
213,ITF Women
213,ITF Women
213,ITF Women
213,ITF Women
213,ITF Women
213,ITF Women
785,ITF Men
785,ITF Men
785,ITF Men
785,ITF Men
785,ITF Men
785,ITF Men
785,ITF Men
785,ITF Men
785,ITF Men
785,ITF Men
785,ITF Men
785,ITF Men
785,ITF Men
785,ITF Men
785,ITF Men
213,ITF Women
213,ITF Women
213,ITF Women
213,ITF Women
213,ITF Women
785,ITF Men
785,ITF Men
785,ITF Men
785,ITF Men
213,ITF Women
213,ITF Women
785,ITF Men
785,ITF Men
785,ITF Men
785,ITF Men
785,ITF Men
785,ITF Men
785,ITF Men
785,ITF Men
785,ITF Men
785,ITF Men
785,ITF Men
785,ITF Men
785,ITF Men
785,ITF Men
785,ITF Men
785,ITF Men
785,ITF Men
785,ITF Men
785,ITF Men
785,ITF Men
785,ITF Men
785,ITF Men
785,ITF Men
785,ITF Men
213,ITF Women
213,ITF Women
213,ITF Women
213,ITF Women
213,ITF Women
213,ITF Women
213,ITF Women
213,ITF Women
213,ITF Women
213,ITF Women
213,ITF Women
213,ITF Women
213,ITF Women
213,ITF Women
213,ITF Women
213,ITF Women
213,ITF Women
213,ITF Women
785,ITF Men
785,ITF Men
785,ITF Men
785,ITF Men
785,ITF Men
785,ITF Men
785,ITF Men
785,ITF Men
785,ITF Men
785,ITF Men
785,ITF Men
785,ITF Men
785,ITF Men
785,ITF Men
785,ITF Men
785,ITF Men
785,ITF Men
785,ITF Men
785,ITF Men
785,ITF Men
785,ITF Men
785,ITF Men
785,ITF Men
785,ITF Men
785,ITF Men
785,ITF Men
785,ITF Men
785,ITF Men
785,ITF Men
785,ITF Men
213,ITF Women
213,ITF Women
213,ITF Women
213,ITF Women
213,ITF Women
213,ITF Women
785,ITF Men
785,ITF Men
785,ITF Men
785,ITF Men
785,ITF Men
785,ITF Men
785,ITF Men
785,ITF Men
785,ITF Men
785,ITF Men
785,ITF Men
785,ITF Men
785,ITF Men
785,ITF Men
785,ITF Men
785,ITF Men
785,ITF Men
785,ITF Men
785,ITF Men
785,ITF Men
785,ITF Men
213,ITF Women
213,ITF Women
213,ITF Women
213,ITF Women
213,ITF Women
213,ITF Women
213,ITF Women
213,ITF Women
213,ITF Women
213,ITF Women
785,ITF Men
785,ITF Men
785,ITF Men
785,ITF Men
213,ITF Women
213,ITF Women
213,ITF Women
213,ITF Women
213,ITF Women
213,ITF Women
785,ITF Men
785,ITF Men
785,ITF Men
785,ITF Men
785,ITF Men
785,ITF Men
785,ITF Men
785,ITF Men
785,ITF Men
785,ITF Men
785,ITF Men
785,ITF Men
785,ITF Men
785,ITF Men
785,ITF Men
785,ITF Men
785,ITF Men
785,ITF Men
785,ITF Men
785,ITF Men
785,ITF Men
785,ITF Men
213,ITF Women
213,ITF Women
213,ITF Women
213,ITF Women
785,ITF Men
785,ITF Men
785,ITF Men
785,ITF Men
785,ITF Men
785,ITF Men
785,ITF Men
785,ITF Men
785,ITF Men
785,ITF Men
785,ITF Men
785,ITF Men
785,ITF Men
785,ITF Men
785,ITF Men
785,ITF Men
785,ITF Men
785,ITF Men
785,ITF Men
785,ITF Men
785,ITF Men
785,ITF Men
785,ITF Men
785,ITF Men
785,ITF Men
785,ITF Men
785,ITF Men
785,ITF Men
785,ITF Men
785,ITF Men
785,ITF Men
785,ITF Men
785,ITF Men
785,ITF Men
785,ITF Men
785,ITF Men
785,ITF Men
785,ITF Men
785,ITF Men
785,ITF Men
785,ITF Men
785,ITF Men
785,ITF Men
785,ITF Men
785,ITF Men
785,ITF Men
785,ITF Men
785,ITF Men
213,ITF Women
213,ITF Women
213,ITF Women
213,ITF Women
213,ITF Women
213,ITF Women
213,ITF Women
213,ITF Women
213,ITF Women
213,ITF Women
213,ITF Women
213,ITF Women
213,ITF Women
213,ITF Women
213,ITF Women
213,ITF Women
213,ITF Women
213,ITF Women
785,ITF Men
785,ITF Men
785,ITF Men
785,ITF Men
785,ITF Men
785,ITF Men
785,ITF Men
785,ITF Men
785,ITF Men
785,ITF Men
785,ITF Men
785,ITF Men
785,ITF Men
785,ITF Men
785,ITF Men
785,ITF Men
785,ITF Men
785,ITF Men
785,ITF Men
785,ITF Men
785,ITF Men
785,ITF Men
785,ITF Men
785,ITF Men
785,ITF Men
785,ITF Men
785,ITF Men
785,ITF Men
785,ITF Men
785,ITF Men
785,ITF Men
785,ITF Men
785,ITF Men
785,ITF Men
785,ITF Men
785,ITF Men
785,ITF Men
785,ITF Men
785,ITF Men
785,ITF Men
785,ITF Men
785,ITF Men
785,ITF Men
785,ITF Men
785,ITF Men
785,ITF Men
785,ITF Men
785,ITF Men
785,ITF Men
785,ITF Men
785,ITF Men
785,ITF Men
785,ITF Men
785,ITF Men
785,ITF Men
785,ITF Men
785,ITF Men
785,ITF Men
785,ITF Men
785,ITF Men
785,ITF Men
785,ITF Men
785,ITF Men
785,ITF Men
785,ITF Men
785,ITF Men
785,ITF Men
785,ITF Men
785,ITF Men
785,ITF Men
785,ITF Men
785,ITF Men
785,ITF Men
785,ITF Men
785,ITF Men
785,ITF Men
785,ITF Men
785,ITF Men
785,ITF Men
785,ITF Men
785,ITF Men
785,ITF Men
785,ITF Men
785,ITF Men
785,ITF Men
785,ITF Men
785,ITF Men
785,ITF Men
785,ITF Men
785,ITF Men
785,ITF Men
785,ITF Men
785,ITF Men
785,ITF Men
785,ITF Men
785,ITF Men
785,ITF Men
785,ITF Men
785,ITF Men
785,ITF Men
785,ITF Men
785,ITF Men
785,ITF Men
785,ITF Men
785,ITF Men
785,ITF Men
785,ITF Men
785,ITF Men
785,ITF Men
785,ITF Men
785,ITF Men
785,ITF Men
785,ITF Men
785,ITF Men
785,ITF Men
785,ITF Men
785,ITF Men
785,ITF Men
785,ITF Men
785,ITF Men
785,ITF Men
785,ITF Men
785,ITF Men
785,ITF Men
785,ITF Men
785,ITF Men
785,ITF Men
785,ITF Men
785,ITF Men
785,ITF Men
785,ITF Men
785,ITF Men
785,ITF Men
785,ITF Men
785,ITF Men
785,ITF Men
785,ITF Men
785,ITF Men
785,ITF Men
785,ITF Men
785,ITF Men
785,ITF Men
785,ITF Men
785,ITF Men
785,ITF Men
785,ITF Men
785,ITF Men
785,ITF Men
785,ITF Men
785,ITF Men
785,ITF Men
785,ITF Men
1474,Juniors
1474,Juniors
1474,Juniors
1474,Juniors
785,ITF Men
785,ITF Men
1476,Wheelchairs
1476,Wheelchairs
1476,Wheelchairs
1476,Wheelchairs
1475,Legends
1475,Legends
785,ITF Men
785,ITF Men
785,ITF Men
785,ITF Men
785,ITF Men
785,ITF Men
785,ITF Men
785,ITF Men
785,ITF Men
785,ITF Men
785,ITF Men
785,ITF Men
785,ITF Men
785,ITF Men
785,ITF Men
785,ITF Men
785,ITF Men
785,ITF Men
785,ITF Men
785,ITF Men
785,ITF Men
785,ITF Men
785,ITF Men
785,ITF Men
785,ITF Men
785,ITF Men
213,ITF Women
213,ITF Women
213,ITF Women
213,ITF Women
213,ITF Women
213,ITF Women
785,ITF Men
785,ITF Men
785,ITF Men
785,ITF Men
785,ITF Men
785,ITF Men
785,ITF Men
785,ITF Men
785,ITF Men
785,ITF Men
785,ITF Men
785,ITF Men
785,ITF Men
785,ITF Men
785,ITF Men
785,ITF Men
785,ITF Men
785,ITF Men
785,ITF Men
785,ITF Men
785,ITF Men
785,ITF Men
785,ITF Men
785,ITF Men
785,ITF Men
785,ITF Men
785,ITF Men
785,ITF Men
785,ITF Men
785,ITF Men
785,ITF Men
785,ITF Men
785,ITF Men
785,ITF Men
785,ITF Men
785,ITF Men
213,ITF Women
213,ITF Women
213,ITF Women
213,ITF Women
213,ITF Women
213,ITF Women
213,ITF Women
213,ITF Women
213,ITF Women
213,ITF Women
213,ITF Women
213,ITF Women
213,ITF Women
213,ITF Women
213,ITF Women
213,ITF Women
213,ITF Women
213,ITF Women
72,Challenger
72,Challenger
72,Challenger
72,Challenger
72,Challenger
72,Challenger
785,ITF Men
785,ITF Men
785,ITF Men
785,ITF Men
785,ITF Men
785,ITF Men
785,ITF Men
785,ITF Men
785,ITF Men
785,ITF Men
785,ITF Men
785,ITF Men
785,ITF Men
785,ITF Men
785,ITF Men
785,ITF Men
785,ITF Men
785,ITF Men
785,ITF Men
785,ITF Men
785,ITF Men
785,ITF Men
785,ITF Men
785,ITF Men
785,ITF Men
785,ITF Men
785,ITF Men
785,ITF Men
72,Challenger
72,Challenger
72,Challenger
72,Challenger
72,Challenger
72,Challenger
785,ITF Men
785,ITF Men
785,ITF Men
785,ITF Men
785,ITF Men
785,ITF Men
785,ITF Men
785,ITF Men
785,ITF Men
785,ITF Men
785,ITF Men
785,ITF Men
785,ITF Men
785,ITF Men
785,ITF Men
785,ITF Men
785,ITF Men
785,ITF Men
785,ITF Men
785,ITF Men
785,ITF Men
785,ITF Men
785,ITF Men
785,ITF Men
785,ITF Men
785,ITF Men
213,ITF Women
785,ITF Men
785,ITF Men
785,ITF Men
785,ITF Men
213,ITF Women
213,ITF Women
213,ITF Women
213,ITF Women
785,ITF Men
785,ITF Men
785,ITF Men
785,ITF Men
785,ITF Men
785,ITF Men
785,ITF Men
785,ITF Men
785,ITF Men
785,ITF Men
785,ITF Men
785,ITF Men
785,ITF Men
785,ITF Men
785,ITF Men
785,ITF Men
213,ITF Women
213,ITF Women
213,ITF Women
213,ITF Women
213,ITF Women
213,ITF Women
213,ITF Women
213,ITF Women
213,ITF Women
213,ITF Women
213,ITF Women
213,ITF Women
213,ITF Women
213,ITF Women
213,ITF Women
213,ITF Women
785,ITF Men
785,ITF Men
785,ITF Men
785,ITF Men
785,ITF Men
785,ITF Men
785,ITF Men
785,ITF Men
785,ITF Men
785,ITF Men
785,ITF Men
785,ITF Men
785,ITF Men
785,ITF Men
785,ITF Men
785,ITF Men
785,ITF Men
785,ITF Men
785,ITF Men
785,ITF Men
785,ITF Men
785,ITF Men
785,ITF Men
785,ITF Men
785,ITF Men
785,ITF Men
785,ITF Men
785,ITF Men
785,ITF Men
785,ITF Men
785,ITF Men
785,ITF Men
785,ITF Men
785,ITF Men
785,ITF Men
785,ITF Men
785,ITF Men
785,ITF Men
785,ITF Men
785,ITF Men
785,ITF Men
785,ITF Men
785,ITF Men
785,ITF Men
785,ITF Men
785,ITF Men
785,ITF Men
785,ITF Men
785,ITF Men
785,ITF Men
785,ITF Men
785,ITF Men
785,ITF Men
785,ITF Men
785,ITF Men
785,ITF Men
785,ITF Men
785,ITF Men
785,ITF Men
785,ITF Men
785,ITF Men
785,ITF Men
785,ITF Men
785,ITF Men
785,ITF Men
785,ITF Men
785,ITF Men
785,ITF Men
785,ITF Men
785,ITF Men
785,ITF Men
785,ITF Men
785,ITF Men
785,ITF Men
785,ITF Men
785,ITF Men
785,ITF Men
785,ITF Men
785,ITF Men
785,ITF Men
785,ITF Men
785,ITF Men
785,ITF Men
785,ITF Men
785,ITF Men
785,ITF Men
785,ITF Men
785,ITF Men
785,ITF Men
785,ITF Men
785,ITF Men
785,ITF Men
785,ITF Men
785,ITF Men
785,ITF Men
785,ITF Men
785,ITF Men
785,ITF Men
785,ITF Men
785,ITF Men
785,ITF Men
785,ITF Men
785,ITF Men
785,ITF Men
785,ITF Men
785,ITF Men
785,ITF Men
785,ITF Men
785,ITF Men
785,ITF Men
785,ITF Men
785,ITF Men
785,ITF Men
785,ITF Men
785,ITF Men
785,ITF Men
785,ITF Men
785,ITF Men
785,ITF Men
785,ITF Men
785,ITF Men
785,ITF Men
785,ITF Men
785,ITF Men
72,Challenger
72,Challenger
72,Challenger
72,Challenger
72,Challenger
785,ITF Men
785,ITF Men
785,ITF Men
785,ITF Men
72,Challenger
72,Challenger
72,Challenger
72,Challenger
785,ITF Men
785,ITF Men
785,ITF Men
785,ITF Men
785,ITF Men
785,ITF Men
785,ITF Men
785,ITF Men
785,ITF Men
785,ITF Men
213,ITF Women
213,ITF Women
213,ITF Women
213,ITF Women
785,ITF Men
785,ITF Men
785,ITF Men
785,ITF Men
213,ITF Women
213,ITF Women
785,ITF Men
785,ITF Men
785,ITF Men
785,ITF Men
785,ITF Men
785,ITF Men
213,ITF Women
213,ITF Women
785,ITF Men
785,ITF Men
213,ITF Women
213,ITF Women
785,ITF Men
785,ITF Men
213,ITF Women
785,ITF Men
785,ITF Men
213,ITF Women
785,ITF Men
785,ITF Men
213,ITF Women
213,ITF Women
213,ITF Women
213,ITF Women
213,ITF Women
213,ITF Women
213,ITF Women
213,ITF Women
213,ITF Women
213,ITF Women
213,ITF Women
213,ITF Women
213,ITF Women
213,ITF Women
79,Exhibition
79,Exhibition
785,ITF Men
785,ITF Men
213,ITF Women
213,ITF Women
213,ITF Women
213,ITF Women
213,ITF Women
213,ITF Women
785,ITF Men
785,ITF Men
785,ITF Men
785,ITF Men
785,ITF Men
785,ITF Men
785,ITF Men
785,ITF Men
785,ITF Men
785,ITF Men
785,ITF Men
785,ITF Men
785,ITF Men
785,ITF Men
785,ITF Men
785,ITF Men
785,ITF Men
785,ITF Men
785,ITF Men
785,ITF Men
785,ITF Men
785,ITF Men
785,ITF Men
785,ITF Men
785,ITF Men
785,ITF Men
213,ITF Women
213,ITF Women
213,ITF Women
213,ITF Women
213,ITF Women
213,ITF Women
213,ITF Women
213,ITF Women
213,ITF Women
213,ITF Women
213,ITF Women
213,ITF Women
213,ITF Women
213,ITF Women
213,ITF Women
213,ITF Women
213,ITF Women
213,ITF Women
213,ITF Women
213,ITF Women
213,ITF Women
213,ITF Women
213,ITF Women
213,ITF Women
213,ITF Women
213,ITF Women
785,ITF Men
785,ITF Men
785,ITF Men
785,ITF Men
213,ITF Women
213,ITF Women
213,ITF Women
213,ITF Women
213,ITF Women
213,ITF Women
213,ITF Women
213,ITF Women
213,ITF Women
6,WTA
6,WTA
785,ITF Men
785,ITF Men
785,ITF Men
785,ITF Men
785,ITF Men
785,ITF Men
785,ITF Men
785,ITF Men
785,ITF Men
785,ITF Men
785,ITF Men
785,ITF Men
785,ITF Men
785,ITF Men
785,ITF Men
785,ITF Men
785,ITF Men
785,ITF Men
785,ITF Men
785,ITF Men
213,ITF Women
213,ITF Women
213,ITF Women
213,ITF Women
213,ITF Women
213,ITF Women
213,ITF Women
213,ITF Women
213,ITF Women
213,ITF Women
213,ITF Women
213,ITF Women
213,ITF Women
213,ITF Women
213,ITF Women
213,ITF Women
213,ITF Women
213,ITF Women
213,ITF Women
213,ITF Women
213,ITF Women
213,ITF Women
785,ITF Men
785,ITF Men
213,ITF Women
213,ITF Women
213,ITF Women
213,ITF Women
213,ITF Women
213,ITF Women
785,ITF Men
785,ITF Men
785,ITF Men
785,ITF Men
785,ITF Men
785,ITF Men
785,ITF Men
785,ITF Men
785,ITF Men
785,ITF Men
785,ITF Men
785,ITF Men
785,ITF Men
785,ITF Men
785,ITF Men
785,ITF Men
785,ITF Men
785,ITF Men
785,ITF Men
785,ITF Men
213,ITF Women
213,ITF Women
213,ITF Women
213,ITF Women
213,ITF Women
213,ITF Women
213,ITF Women
213,ITF Women
213,ITF Women
213,ITF Women
213,ITF Women
213,ITF Women
213,ITF Women
213,ITF Women
213,ITF Women
213,ITF Women
213,ITF Women
213,ITF Women
213,ITF Women
213,ITF Women
72,Challenger
72,Challenger
785,ITF Men
785,ITF Men
785,ITF Men
785,ITF Men
213,ITF Women
213,ITF Women
213,ITF Women
213,ITF Women
785,ITF Men
785,ITF Men
785,ITF Men
785,ITF Men
785,ITF Men
785,ITF Men
785,ITF Men
785,ITF Men
785,ITF Men
785,ITF Men
785,ITF Men
785,ITF Men
785,ITF Men
785,ITF Men
213,ITF Women
213,ITF Women
213,ITF Women
213,ITF Women
213,ITF Women
213,ITF Women
213,ITF Women
213,ITF Women
213,ITF Women
213,ITF Women
213,ITF Women
213,ITF Women
213,ITF Women
213,ITF Women
213,ITF Women
213,ITF Women
785,ITF Men
785,ITF Men
213,ITF Women
213,ITF Women
785,ITF Men
785,ITF Men
213,ITF Women
213,ITF Women
213,ITF Women
213,ITF Women
213,ITF Women
213,ITF Women
785,ITF Men
785,ITF Men
785,ITF Men
785,ITF Men
213,ITF Women
213,ITF Women
213,ITF Women
213,ITF Women
213,ITF Women
213,ITF Women
213,ITF Women
213,ITF Women
213,ITF Women
213,ITF Women
213,ITF Women
213,ITF Women
213,ITF Women
213,ITF Women
213,ITF Women
213,ITF Women
213,ITF Women
213,ITF Women
213,ITF Women
213,ITF Women
213,ITF Women
213,ITF Women
213,ITF Women
213,ITF Women
785,ITF Men
785,ITF Men
785,ITF Men
785,ITF Men
785,ITF Men
785,ITF Men
785,ITF Men
785,ITF Men
785,ITF Men
785,ITF Men
785,ITF Men
785,ITF Men
785,ITF Men
785,ITF Men
785,ITF Men
785,ITF Men
213,ITF Women
213,ITF Women
213,ITF Women
213,ITF Women
213,ITF Women
213,ITF Women
785,ITF Men
785,ITF Men
785,ITF Men
785,ITF Men
785,ITF Men
785,ITF Men
213,ITF Women
213,ITF Women
785,ITF Men
785,ITF Men
785,ITF Men
785,ITF Men
785,ITF Men
785,ITF Men
785,ITF Men
785,ITF Men
785,ITF Men
785,ITF Men
213,ITF Women
213,ITF Women
213,ITF Women
213,ITF Women
213,ITF Women
213,ITF Women
213,ITF Women
213,ITF Women
213,ITF Women
213,ITF Women
213,ITF Women
213,ITF Women
213,ITF Women
213,ITF Women
213,ITF Women
213,ITF Women
213,ITF Women
213,ITF Women
213,ITF Women
213,ITF Women
213,ITF Women
213,ITF Women
213,ITF Women
213,ITF Women
213,ITF Women
213,ITF Women
785,ITF Men
785,ITF Men
213,ITF Women
213,ITF Women
213,ITF Women
213,ITF Women
213,ITF Women
213,ITF Women
213,ITF Women
213,ITF Women
213,ITF Women
213,ITF Women
213,ITF Women
213,ITF Women
213,ITF Women
213,ITF Women
213,ITF Women
213,ITF Women
213,ITF Women
213,ITF Women
213,ITF Women
213,ITF Women
213,ITF Women
213,ITF Women
213,ITF Women
213,ITF Women
785,ITF Men
785,ITF Men
785,ITF Men
785,ITF Men
785,ITF Men
785,ITF Men
785,ITF Men
785,ITF Men
785,ITF Men
785,ITF Men
785,ITF Men
785,ITF Men
213,ITF Women
213,ITF Women
785,ITF Men
785,ITF Men
785,ITF Men
785,ITF Men
785,ITF Men
785,ITF Men
785,ITF Men
785,ITF Men
785,ITF Men
785,ITF Men
213,ITF Women
213,ITF Women
213,ITF Women
213,ITF Women
213,ITF Women
213,ITF Women
213,ITF Women
213,ITF Women
213,ITF Women
213,ITF Women
213,ITF Women
213,ITF Women
213,ITF Women
213,ITF Women
213,ITF Women
213,ITF Women
213,ITF Women
213,ITF Women
213,ITF Women
213,ITF Women
213,ITF Women
213,ITF Women
213,ITF Women
213,ITF Women
213,ITF Women
213,ITF Women
213,ITF Women
213,ITF Women
213,ITF Women
213,ITF Women
785,ITF Men
785,ITF Men
213,ITF Women
213,ITF Women
213,ITF Women
213,ITF Women
213,ITF Women
213,ITF Women
213,ITF Women
213,ITF Women
213,ITF Women
213,ITF Women
213,ITF Women
213,ITF Women
213,ITF Women
213,ITF Women
213,ITF Women
213,ITF Women
213,ITF Women
213,ITF Women
213,ITF Women
213,ITF Women
785,ITF Men
785,ITF Men
785,ITF Men
785,ITF Men
785,ITF Men
785,ITF Men
785,ITF Men
785,ITF Men
213,ITF Women
213,ITF Women
785,ITF Men
785,ITF Men
213,ITF Women
213,ITF Women
785,ITF Men
785,ITF Men
213,ITF Women
213,ITF Women
785,ITF Men
785,ITF Men
213,ITF Women
213,ITF Women
785,ITF Men
785,ITF Men
785,ITF Men
785,ITF Men
213,ITF Women
213,ITF Women
213,ITF Women
213,ITF Women
213,ITF Women
213,ITF Women
213,ITF Women
213,ITF Women
213,ITF Women
213,ITF Women
213,ITF Women
213,ITF Women
213,ITF Women
213,ITF Women
213,ITF Women
213,ITF Women
785,ITF Men
785,ITF Men
785,ITF Men
785,ITF Men
785,ITF Men
785,ITF Men
213,ITF Women
213,ITF Women
213,ITF Women
213,ITF Women
213,ITF Women
213,ITF Women
213,ITF Women
213,ITF Women
213,ITF Women
213,ITF Women
871,WTA 125K
871,WTA 125K
213,ITF Women
213,ITF Women
213,ITF Women
213,ITF Women
213,ITF Women
213,ITF Women
213,ITF Women
213,ITF Women
213,ITF Women
213,ITF Women
213,ITF Women
213,ITF Women
213,ITF Women
213,ITF Women
213,ITF Women
213,ITF Women
213,ITF Women
213,ITF Women
213,ITF Women
213,ITF Women
213,ITF Women
213,ITF Women
213,ITF Women
213,ITF Women
785,ITF Men
785,ITF Men
213,ITF Women
213,ITF Women
785,ITF Men
785,ITF Men
785,ITF Men
785,ITF Men
785,ITF Men
785,ITF Men
785,ITF Men
785,ITF Men
213,ITF Women
213,ITF Women
213,ITF Women
213,ITF Women
213,ITF Women
213,ITF Women
785,ITF Men
785,ITF Men
785,ITF Men
785,ITF Men
785,ITF Men
785,ITF Men
213,ITF Women
213,ITF Women
213,ITF Women
213,ITF Women
213,ITF Women
213,ITF Women
213,ITF Women
213,ITF Women
213,ITF Women
213,ITF Women
213,ITF Women
213,ITF Women
213,ITF Women
213,ITF Women
3,ATP
3,ATP
6,WTA
6,WTA
213,ITF Women
213,ITF Women
213,ITF Women
213,ITF Women
213,ITF Women
213,ITF Women
213,ITF Women
213,ITF Women
213,ITF Women
213,ITF Women
213,ITF Women
213,ITF Women
213,ITF Women
213,ITF Women
213,ITF Women
213,ITF Women
213,ITF Women
213,ITF Women
213,ITF Women
213,ITF Women
213,ITF Women
213,ITF Women
213,ITF Women
213,ITF Women
785,ITF Men
785,ITF Men
785,ITF Men
785,ITF Men
785,ITF Men
785,ITF Men
785,ITF Men
785,ITF Men
213,ITF Women
213,ITF Women
213,ITF Women
213,ITF Women
213,ITF Women
213,ITF Women
213,ITF Women
213,ITF Women
213,ITF Women
213,ITF Women
213,ITF Women
213,ITF Women
213,ITF Women
213,ITF Women
785,ITF Men
785,ITF Men
785,ITF Men
785,ITF Men
785,ITF Men
785,ITF Men
785,ITF Men
785,ITF Men
785,ITF Men
785,ITF Men
785,ITF Men
785,ITF Men
785,ITF Men
785,ITF Men
785,ITF Men
785,ITF Men
785,ITF Men
785,ITF Men
6,WTA
6,WTA
213,ITF Women
213,ITF Women
213,ITF Women
213,ITF Women
213,ITF Women
213,ITF Women
785,ITF Men
785,ITF Men
785,ITF Men
785,ITF Men
785,ITF Men
785,ITF Men
785,ITF Men
785,ITF Men
785,ITF Men
785,ITF Men
213,ITF Women
213,ITF Women
785,ITF Men
785,ITF Men
785,ITF Men
785,ITF Men
785,ITF Men
785,ITF Men
785,ITF Men
785,ITF Men
785,ITF Men
785,ITF Men
785,ITF Men
785,ITF Men
785,ITF Men
785,ITF Men
785,ITF Men
785,ITF Men
213,ITF Women
213,ITF Women
213,ITF Women
213,ITF Women
213,ITF Women
213,ITF Women
213,ITF Women
213,ITF Women
213,ITF Women
213,ITF Women
213,ITF Women
213,ITF Women
213,ITF Women
213,ITF Women
213,ITF Women
213,ITF Women
213,ITF Women
213,ITF Women
213,ITF Women
213,ITF Women
213,ITF Women
213,ITF Women
213,ITF Women
213,ITF Women
213,ITF Women
213,ITF Women
213,ITF Women
213,ITF Women
213,ITF Women
213,ITF Women
213,ITF Women
213,ITF Women
213,ITF Women
213,ITF Women
213,ITF Women
213,ITF Women
213,ITF Women
213,ITF Women
213,ITF Women
213,ITF Women
213,ITF Women
213,ITF Women
213,ITF Women
213,ITF Women
213,ITF Women
213,ITF Women
213,ITF Women
213,ITF Women
213,ITF Women
213,ITF Women
213,ITF Women
213,ITF Women
213,ITF Women
213,ITF Women
213,ITF Women
213,ITF Women
213,ITF Women
213,ITF Women
213,ITF Women
213,ITF Women
213,ITF Women
213,ITF Women
213,ITF Women
213,ITF Women
213,ITF Women
213,ITF Women
213,ITF Women
213,ITF Women
213,ITF Women
213,ITF Women
213,ITF Women
213,ITF Women
213,ITF Women
213,ITF Women
213,ITF Women
213,ITF Women
213,ITF Women
213,ITF Women
213,ITF Women
213,ITF Women
213,ITF Women
213,ITF Women
213,ITF Women
213,ITF Women
213,ITF Women
213,ITF Women
213,ITF Women
213,ITF Women
213,ITF Women
213,ITF Women
213,ITF Women
213,ITF Women
213,ITF Women
213,ITF Women
213,ITF Women
213,ITF Women
785,ITF Men
785,ITF Men
785,ITF Men
785,ITF Men
785,ITF Men
785,ITF Men
785,ITF Men
785,ITF Men
785,ITF Men
785,ITF Men
785,ITF Men
785,ITF Men
213,ITF Women
213,ITF Women
213,ITF Women
213,ITF Women
213,ITF Women
213,ITF Women
213,ITF Women
213,ITF Women
213,ITF Women
213,ITF Women
213,ITF Women
213,ITF Women
213,ITF Women
213,ITF Women
213,ITF Women
213,ITF Women
213,ITF Women
213,ITF Women
213,ITF Women
213,ITF Women
213,ITF Women
213,ITF Women
213,ITF Women
213,ITF Women
213,ITF Women
213,ITF Women
213,ITF Women
213,ITF Women
213,ITF Women
213,ITF Women
785,ITF Men
785,ITF Men
785,ITF Men
785,ITF Men
213,ITF Women
213,ITF Women
785,ITF Men
785,ITF Men
785,ITF Men
785,ITF Men
213,ITF Women
213,ITF Women
785,ITF Men
785,ITF Men
785,ITF Men
785,ITF Men
213,ITF Women
213,ITF Women
213,ITF Women
213,ITF Women
213,ITF Women
213,ITF Women
213,ITF Women
213,ITF Women
213,ITF Women
213,ITF Women
213,ITF Women
213,ITF Women
213,ITF Women
213,ITF Women
213,ITF Women
213,ITF Women
213,ITF Women
213,ITF Women
213,ITF Women
213,ITF Women
213,ITF Women
213,ITF Women
213,ITF Women
213,ITF Women
213,ITF Women
213,ITF Women
213,ITF Women
213,ITF Women
213,ITF Women
213,ITF Women
213,ITF Women
213,ITF Women
213,ITF Women
213,ITF Women
213,ITF Women
213,ITF Women
213,ITF Women
213,ITF Women
213,ITF Women
213,ITF Women
213,ITF Women
213,ITF Women
213,ITF Women
213,ITF Women
213,ITF Women
213,ITF Women
213,ITF Women
213,ITF Women
213,ITF Women
213,ITF Women
213,ITF Women
213,ITF Women
213,ITF Women
213,ITF Women
213,ITF Women
213,ITF Women
213,ITF Women
213,ITF Women
213,ITF Women
213,ITF Women
213,ITF Women
213,ITF Women
213,ITF Women
213,ITF Women
213,ITF Women
213,ITF Women
213,ITF Women
213,ITF Women
213,ITF Women
213,ITF Women
213,ITF Women
213,ITF Women
213,ITF Women
213,ITF Women
213,ITF Women
213,ITF Women
213,ITF Women
213,ITF Women
213,ITF Women
213,ITF Women
213,ITF Women
213,ITF Women
213,ITF Women
213,ITF Women
213,ITF Women
213,ITF Women
213,ITF Women
213,ITF Women
213,ITF Women
213,ITF Women
213,ITF Women
213,ITF Women
213,ITF Women
213,ITF Women
213,ITF Women
213,ITF Women
213,ITF Women
213,ITF Women
213,ITF Women
213,ITF Women
213,ITF Women
213,ITF Women
213,ITF Women
213,ITF Women
213,ITF Women
213,ITF Women
213,ITF Women
213,ITF Women
785,ITF Men
785,ITF Men
785,ITF Men
785,ITF Men
785,ITF Men
785,ITF Men
785,ITF Men
785,ITF Men
785,ITF Men
785,ITF Men
213,ITF Women
213,ITF Women
213,ITF Women
213,ITF Women
213,ITF Women
213,ITF Women
213,ITF Women
213,ITF Women
213,ITF Women
213,ITF Women
213,ITF Women
213,ITF Women
213,ITF Women
213,ITF Women
213,ITF Women
213,ITF Women
213,ITF Women
213,ITF Women
213,ITF Women
213,ITF Women
213,ITF Women
213,ITF Women
213,ITF Women
213,ITF Women
213,ITF Women
213,ITF Women
213,ITF Women
213,ITF Women
213,ITF Women
213,ITF Women
213,ITF Women
213,ITF Women
785,ITF Men
785,ITF Men
785,ITF Men
785,ITF Men
785,ITF Men
785,ITF Men
213,ITF Women
213,ITF Women
213,ITF Women
213,ITF Women
213,ITF Women
213,ITF Women
213,ITF Women
213,ITF Women
213,ITF Women
213,ITF Women
3,ATP
3,ATP
213,ITF Women
213,ITF Women
213,ITF Women
213,ITF Women
213,ITF Women
213,ITF Women
213,ITF Women
213,ITF Women
213,ITF Women
213,ITF Women
213,ITF Women
213,ITF Women
213,ITF Women
213,ITF Women
213,ITF Women
213,ITF Women
213,ITF Women
213,ITF Women
213,ITF Women
213,ITF Women
213,ITF Women
213,ITF Women
213,ITF Women
213,ITF Women
213,ITF Women
213,ITF Women
213,ITF Women
213,ITF Women
213,ITF Women
213,ITF Women
213,ITF Women
213,ITF Women
213,ITF Women
213,ITF Women
213,ITF Women
213,ITF Women
213,ITF Women
213,ITF Women
213,ITF Women
213,ITF Women
213,ITF Women
213,ITF Women
213,ITF Women
213,ITF Women
213,ITF Women
213,ITF Women
213,ITF Women
213,ITF Women
213,ITF Women
213,ITF Women
213,ITF Women
213,ITF Women
213,ITF Women
213,ITF Women
213,ITF Women
213,ITF Women
213,ITF Women
213,ITF Women
213,ITF Women
213,ITF Women
213,ITF Women
213,ITF Women
213,ITF Women
213,ITF Women
213,ITF Women
213,ITF Women
213,ITF Women
213,ITF Women
213,ITF Women
213,ITF Women
213,ITF Women
213,ITF Women
213,ITF Women
213,ITF Women
213,ITF Women
213,ITF Women
213,ITF Women
213,ITF Women
213,ITF Women
213,ITF Women
213,ITF Women
213,ITF Women
213,ITF Women
213,ITF Women
213,ITF Women
213,ITF Women
213,ITF Women
213,ITF Women
213,ITF Women
213,ITF Women
213,ITF Women
213,ITF Women
213,ITF Women
213,ITF Women
213,ITF Women
213,ITF Women
213,ITF Women
213,ITF Women
213,ITF Women
213,ITF Women
6,WTA
6,WTA
6,WTA
6,WTA
6,WTA
6,WTA
785,ITF Men
785,ITF Men
785,ITF Men
785,ITF Men
785,ITF Men
785,ITF Men
213,ITF Women
213,ITF Women
72,Challenger
72,Challenger
72,Challenger
72,Challenger
72,Challenger
72,Challenger
72,Challenger
72,Challenger
72,Challenger
72,Challenger
72,Challenger
72,Challenger
213,ITF Women
213,ITF Women
213,ITF Women
213,ITF Women
213,ITF Women
213,ITF Women
213,ITF Women
213,ITF Women
213,ITF Women
213,ITF Women
785,ITF Men
785,ITF Men
785,ITF Men
785,ITF Men
785,ITF Men
785,ITF Men
785,ITF Men
785,ITF Men
213,ITF Women
213,ITF Women
213,ITF Women
213,ITF Women
213,ITF Women
213,ITF Women
213,ITF Women
213,ITF Women
213,ITF Women
213,ITF Women
213,ITF Women
213,ITF Women
213,ITF Women
213,ITF Women
213,ITF Women
213,ITF Women
213,ITF Women
213,ITF Women
213,ITF Women
213,ITF Women
213,ITF Women
213,ITF Women
213,ITF Women
213,ITF Women
213,ITF Women
213,ITF Women
79,Exhibition
79,Exhibition
79,Exhibition
79,Exhibition
79,Exhibition
871,WTA 125K
871,WTA 125K
871,WTA 125K
871,WTA 125K
871,WTA 125K
871,WTA 125K
785,ITF Men
785,ITF Men
213,ITF Women
213,ITF Women
213,ITF Women
213,ITF Women
213,ITF Women
213,ITF Women
213,ITF Women
213,ITF Women
213,ITF Women
213,ITF Women
213,ITF Women
213,ITF Women
213,ITF Women
213,ITF Women
213,ITF Women
213,ITF Women
213,ITF Women
213,ITF Women
213,ITF Women
213,ITF Women
213,ITF Women
213,ITF Women
213,ITF Women
213,ITF Women
213,ITF Women
213,ITF Women
213,ITF Women
213,ITF Women
213,ITF Women
213,ITF Women
213,ITF Women
213,ITF Women
213,ITF Women
213,ITF Women
213,ITF Women
213,ITF Women
213,ITF Women
213,ITF Women
213,ITF Women
213,ITF Women
213,ITF Women
213,ITF Women
213,ITF Women
213,ITF Women
213,ITF Women
213,ITF Women
213,ITF Women
213,ITF Women
213,ITF Women
213,ITF Women
785,ITF Men
785,ITF Men
213,ITF Women
213,ITF Women
785,ITF Men
785,ITF Men
213,ITF Women
213,ITF Women
785,ITF Men
785,ITF Men
213,ITF Women
213,ITF Women
785,ITF Men
785,ITF Men
785,ITF Men
785,ITF Men
785,ITF Men
785,ITF Men
213,ITF Women
213,ITF Women
213,ITF Women
213,ITF Women
785,ITF Men
785,ITF Men
785,ITF Men
785,ITF Men
213,ITF Women
213,ITF Women
213,ITF Women
213,ITF Women
213,ITF Women
213,ITF Women
213,ITF Women
213,ITF Women
72,Challenger
72,Challenger
72,Challenger
72,Challenger
785,ITF Men
785,ITF Men
213,ITF Women
213,ITF Women
785,ITF Men
785,ITF Men
213,ITF Women
213,ITF Women
72,Challenger
72,Challenger
213,ITF Women
213,ITF Women
785,ITF Men
785,ITF Men
785,ITF Men
785,ITF Men
785,ITF Men
785,ITF Men
785,ITF Men
785,ITF Men
785,ITF Men
785,ITF Men
785,ITF Men
785,ITF Men
785,ITF Men
213,ITF Women
213,ITF Women
213,ITF Women
213,ITF Women
213,ITF Women
213,ITF Women
213,ITF Women
213,ITF Women
213,ITF Women
213,ITF Women
213,ITF Women
213,ITF Women
213,ITF Women
785,ITF Men
785,ITF Men
785,ITF Men
785,ITF Men
213,ITF Women
213,ITF Women
213,ITF Women
213,ITF Women
213,ITF Women
785,ITF Men
785,ITF Men
785,ITF Men
785,ITF Men
785,ITF Men
785,ITF Men
785,ITF Men
785,ITF Men
785,ITF Men
785,ITF Men
213,ITF Women
213,ITF Women
213,ITF Women
213,ITF Women
213,ITF Women
213,ITF Women
785,ITF Men
785,ITF Men
213,ITF Women
213,ITF Women
213,ITF Women
213,ITF Women
72,Challenger
72,Challenger
72,Challenger
72,Challenger
72,Challenger
72,Challenger
785,ITF Men
785,ITF Men
213,ITF Women
213,ITF Women
213,ITF Women
213,ITF Women
785,ITF Men
785,ITF Men
213,ITF Women
213,ITF Women
213,ITF Women
213,ITF Women
213,ITF Women
213,ITF Women
213,ITF Women
213,ITF Women
213,ITF Women
213,ITF Women
785,ITF Men
785,ITF Men
785,ITF Men
785,ITF Men
213,ITF Women
213,ITF Women
213,ITF Women
213,ITF Women
213,ITF Women
213,ITF Women
213,ITF Women
213,ITF Women
213,ITF Women
213,ITF Women
785,ITF Men
785,ITF Men
785,ITF Men
785,ITF Men
785,ITF Men
785,ITF Men
785,ITF Men
785,ITF Men
213,ITF Women
213,ITF Women
213,ITF Women
213,ITF Women
785,ITF Men
785,ITF Men
785,ITF Men
785,ITF Men
213,ITF Women
213,ITF Women
785,ITF Men
785,ITF Men
785,ITF Men
785,ITF Men
785,ITF Men
785,ITF Men
785,ITF Men
213,ITF Women
213,ITF Women
213,ITF Women
213,ITF Women
213,ITF Women
213,ITF Women
213,ITF Women
213,ITF Women
785,ITF Men
785,ITF Men
213,ITF Women
213,ITF Women
213,ITF Women
213,ITF Women
213,ITF Women
213,ITF Women
785,ITF Men
785,ITF Men
213,ITF Women
213,ITF Women
213,ITF Women
213,ITF Women
785,ITF Men
785,ITF Men
213,ITF Women
213,ITF Women
213,ITF Women
213,ITF Women
213,ITF Women
213,ITF Women
785,ITF Men
785,ITF Men
213,ITF Women
213,ITF Women
72,Challenger
72,Challenger
72,Challenger
72,Challenger
72,Challenger
72,Challenger
72,Challenger
72,Challenger
72,Challenger
72,Challenger
72,Challenger
72,Challenger
72,Challenger
72,Challenger
72,Challenger
72,Challenger
72,Challenger
72,Challenger
785,ITF Men
785,ITF Men
785,ITF Men
785,ITF Men
785,ITF Men
213,ITF Women
213,ITF Women
871,WTA 125K
871,WTA 125K
871,WTA 125K
871,WTA 125K
213,ITF Women
213,ITF Women
213,ITF Women
213,ITF Women
213,ITF Women
213,ITF Women
213,ITF Women
213,ITF Women
213,ITF Women
213,ITF Women
213,ITF Women
213,ITF Women
213,ITF Women
213,ITF Women
785,ITF Men
785,ITF Men
213,ITF Women
213,ITF Women
213,ITF Women
213,ITF Women
213,ITF Women
213,ITF Women
213,ITF Women
213,ITF Women
785,ITF Men
785,ITF Men
213,ITF Women
213,ITF Women
785,ITF Men
785,ITF Men
785,ITF Men
785,ITF Men
785,ITF Men
785,ITF Men
785,ITF Men
785,ITF Men
213,ITF Women
213,ITF Women
213,ITF Women
213,ITF Women
213,ITF Women
213,ITF Women
785,ITF Men
785,ITF Men
785,ITF Men
785,ITF Men
213,ITF Women
213,ITF Women
213,ITF Women
213,ITF Women
213,ITF Women
213,ITF Women
871,WTA 125K
871,WTA 125K
6,WTA
6,WTA
3,ATP
3,ATP
3,ATP
3,ATP
79,Exhibition
72,Challenger
72,Challenger
72,Challenger
72,Challenger
72,Challenger
72,Challenger
79,Exhibition
79,Exhibition
79,Exhibition
79,Exhibition
785,ITF Men
785,ITF Men
72,Challenger
72,Challenger
6,WTA
6,WTA
6,WTA
6,WTA
785,ITF Men
785,ITF Men
72,Challenger
72,Challenger
213,ITF Women
213,ITF Women
871,WTA 125K
871,WTA 125K
871,WTA 125K
871,WTA 125K
213,ITF Women
213,ITF Women
213,ITF Women
213,ITF Women
213,ITF Women
213,ITF Women
72,Challenger
72,Challenger
213,ITF Women
213,ITF Women
785,ITF Men
785,ITF Men
213,ITF Women
213,ITF Women
213,ITF Women
213,ITF Women
213,ITF Women
6,WTA
6,WTA
72,Challenger
72,Challenger
213,ITF Women
213,ITF Women
785,ITF Men
785,ITF Men
213,ITF Women
213,ITF Women
213,ITF Women
213,ITF Women
213,ITF Women
213,ITF Women
785,ITF Men
785,ITF Men
213,ITF Women
213,ITF Women
72,Challenger
72,Challenger
72,Challenger
72,Challenger
72,Challenger
72,Challenger
72,Challenger
72,Challenger
213,ITF Women
213,ITF Women
213,ITF Women
213,ITF Women
72,Challenger
72,Challenger
785,ITF Men
785,ITF Men
213,ITF Women
213,ITF Women
213,ITF Women
213,ITF Women
213,ITF Women
213,ITF Women
213,ITF Women
213,ITF Women
213,ITF Women
213,ITF Women
785,ITF Men
785,ITF Men
213,ITF Women
213,ITF Women
213,ITF Women
213,ITF Women
785,ITF Men
785,ITF Men
213,ITF Women
213,ITF Women
213,ITF Women
213,ITF Women
72,Challenger
72,Challenger
72,Challenger
72,Challenger
72,Challenger
72,Challenger
213,ITF Women
213,ITF Women
213,ITF Women
213,ITF Women
785,ITF Men
785,ITF Men
213,ITF Women
6,WTA
6,WTA
871,WTA 125K
871,WTA 125K
785,ITF Men
785,ITF Men
213,ITF Women
213,ITF Women
785,ITF Men
785,ITF Men
213,ITF Women
213,ITF Women
785,ITF Men
785,ITF Men
213,ITF Women
213,ITF Women
213,ITF Women
213,ITF Women
213,ITF Women
213,ITF Women
72,Challenger
72,Challenger
72,Challenger
72,Challenger
72,Challenger
72,Challenger
72,Challenger
72,Challenger
72,Challenger
72,Challenger
785,ITF Men
785,ITF Men
785,ITF Men
785,ITF Men
213,ITF Women
213,ITF Women
785,ITF Men
785,ITF Men
785,ITF Men
785,ITF Men
785,ITF Men
785,ITF Men
213,ITF Women
213,ITF Women
213,ITF Women
213,ITF Women
785,ITF Men
785,ITF Men
785,ITF Men
785,ITF Men
785,ITF Men
785,ITF Men
785,ITF Men
785,ITF Men
785,ITF Men
785,ITF Men
785,ITF Men
785,ITF Men
213,ITF Women
213,ITF Women
785,ITF Men
785,ITF Men
785,ITF Men
785,ITF Men
213,ITF Women
213,ITF Women
213,ITF Women
213,ITF Women
213,ITF Women
213,ITF Women
213,ITF Women
213,ITF Women
213,ITF Women
213,ITF Women
785,ITF Men
785,ITF Men
785,ITF Men
785,ITF Men
785,ITF Men
785,ITF Men
785,ITF Men
785,ITF Men
213,ITF Women
213,ITF Women
213,ITF Women
213,ITF Women
213,ITF Women
213,ITF Women
785,ITF Men
785,ITF Men
213,ITF Women
213,ITF Women
213,ITF Women
213,ITF Women
213,ITF Women
213,ITF Women
213,ITF Women
213,ITF Women
72,Challenger
72,Challenger
72,Challenger
72,Challenger
785,ITF Men
785,ITF Men
213,ITF Women
213,ITF Women
785,ITF Men
785,ITF Men
785,ITF Men
785,ITF Men
785,ITF Men
785,ITF Men
213,ITF Women
213,ITF Women
213,ITF Women
213,ITF Women
213,ITF Women
213,ITF Women
213,ITF Women
213,ITF Women
213,ITF Women
213,ITF Women
213,ITF Women
213,ITF Women
213,ITF Women
213,ITF Women
213,ITF Women
213,ITF Women
785,ITF Men
785,ITF Men
785,ITF Men
785,ITF Men
785,ITF Men
785,ITF Men
213,ITF Women
213,ITF Women
213,ITF Women
213,ITF Women
213,ITF Women
213,ITF Women
213,ITF Women
213,ITF Women
785,ITF Men
785,ITF Men
785,ITF Men
785,ITF Men
213,ITF Women
213,ITF Women
213,ITF Women
213,ITF Women
213,ITF Women
213,ITF Women
3,ATP
72,Challenger
72,Challenger
72,Challenger
72,Challenger
6,WTA
6,WTA
6,WTA
6,WTA
6,WTA
6,WTA
6,WTA
6,WTA
785,ITF Men
785,ITF Men
785,ITF Men
785,ITF Men
3,ATP
3,ATP
785,ITF Men
785,ITF Men
785,ITF Men
785,ITF Men
213,ITF Women
213,ITF Women
213,ITF Women
213,ITF Women
213,ITF Women
213,ITF Women
213,ITF Women
213,ITF Women
3,ATP
3,ATP
3,ATP
785,ITF Men
785,ITF Men
785,ITF Men
785,ITF Men
213,ITF Women
213,ITF Women
213,ITF Women
213,ITF Women
785,ITF Men
785,ITF Men
785,ITF Men
785,ITF Men
79,Exhibition
213,ITF Women
213,ITF Women
72,Challenger
72,Challenger
72,Challenger
72,Challenger
72,Challenger
72,Challenger
72,Challenger
72,Challenger
72,Challenger
72,Challenger
72,Challenger
72,Challenger
213,ITF Women
213,ITF Women
871,WTA 125K
871,WTA 125K
871,WTA 125K
871,WTA 125K
72,Challenger
72,Challenger
79,Exhibition
79,Exhibition
79,Exhibition
79,Exhibition
79,Exhibition
79,Exhibition
79,Exhibition
79,Exhibition
79,Exhibition
6,WTA
6,WTA
871,WTA 125K
871,WTA 125K
72,Challenger
72,Challenger
72,Challenger
72,Challenger
72,Challenger
72,Challenger
213,ITF Women
213,ITF Women
213,ITF Women
213,ITF Women
3,ATP
3,ATP
3,ATP
3,ATP
3,ATP
3,ATP
3,ATP
3,ATP
6,WTA
6,WTA
213,ITF Women
213,ITF Women
213,ITF Women
213,ITF Women
72,Challenger
72,Challenger
785,ITF Men
785,ITF Men
785,ITF Men
785,ITF Men
213,ITF Women
213,ITF Women
785,ITF Men
785,ITF Men
213,ITF Women
213,ITF Women
213,ITF Women
213,ITF Women
785,ITF Men
785,ITF Men
785,ITF Men
785,ITF Men
213,ITF Women
213,ITF Women
785,ITF Men
785,ITF Men
6,WTA
6,WTA
3,ATP
3,ATP
6,WTA
6,WTA
72,Challenger
72,Challenger
6,WTA
6,WTA
72,Challenger
72,Challenger
72,Challenger
72,Challenger
72,Challenger
72,Challenger
6,WTA
6,WTA
6,WTA
6,WTA
6,WTA
6,WTA
6,WTA
6,WTA
72,Challenger
72,Challenger
72,Challenger
72,Challenger
72,Challenger
72,Challenger
72,Challenger
72,Challenger
3,ATP
3,ATP
3,ATP
3,ATP
6,WTA
6,WTA
72,Challenger
72,Challenger
72,Challenger
72,Challenger
72,Challenger
72,Challenger
72,Challenger
72,Challenger
72,Challenger
785,ITF Men
785,ITF Men
785,ITF Men
785,ITF Men
72,Challenger
72,Challenger
72,Challenger
72,Challenger
72,Challenger
72,Challenger
785,ITF Men
785,ITF Men
3,ATP
3,ATP
72,Challenger
72,Challenger
72,Challenger
72,Challenger
72,Challenger
72,Challenger
213,ITF Women
213,ITF Women
6,WTA
6,WTA
871,WTA 125K
871,WTA 125K
6,WTA
6,WTA
72,Challenger
72,Challenger
72,Challenger
72,Challenger
72,Challenger
72,Challenger
72,Challenger
72,Challenger
72,Challenger
72,Challenger
3,ATP
3,ATP
6,WTA
6,WTA
871,WTA 125K
871,WTA 125K
871,WTA 125K
871,WTA 125K
6,WTA
6,WTA
3,ATP
3,ATP
6,WTA
6,WTA
6,WTA
6,WTA
72,Challenger
72,Challenger
72,Challenger
72,Challenger
72,Challenger
72,Challenger
6,WTA
6,WTA
785,ITF Men
785,ITF Men
213,ITF Women
213,ITF Women
213,ITF Women
213,ITF Women
213,ITF Women
213,ITF Women
72,Challenger
72,Challenger
72,Challenger
72,Challenger
871,WTA 125K
871,WTA 125K
213,ITF Women
213,ITF Women
213,ITF Women
213,ITF Women
72,Challenger
72,Challenger
785,ITF Men
785,ITF Men
72,Challenger
72,Challenger
72,Challenger
72,Challenger
6,WTA
6,WTA
785,ITF Men
785,ITF Men
785,ITF Men
785,ITF Men
72,Challenger
72,Challenger
72,Challenger
72,Challenger
72,Challenger
72,Challenger
785,ITF Men
785,ITF Men
213,ITF Women
213,ITF Women
213,ITF Women
213,ITF Women
785,ITF Men
785,ITF Men
72,Challenger
72,Challenger
72,Challenger
72,Challenger
72,Challenger
72,Challenger
72,Challenger
72,Challenger
6,WTA
6,WTA
6,WTA
6,WTA
6,WTA
6,WTA
213,ITF Women
213,ITF Women
785,ITF Men
785,ITF Men
213,ITF Women
213,ITF Women
72,Challenger
72,Challenger
72,Challenger
72,Challenger
72,Challenger
72,Challenger
6,WTA
6,WTA
871,WTA 125K
871,WTA 125K
871,WTA 125K
871,WTA 125K
785,ITF Men
785,ITF Men
785,ITF Men
785,ITF Men
213,ITF Women
213,ITF Women
785,ITF Men
785,ITF Men
785,ITF Men
785,ITF Men
72,Challenger
72,Challenger
785,ITF Men
785,ITF Men
785,ITF Men
785,ITF Men
213,ITF Women
213,ITF Women
72,Challenger
72,Challenger
785,ITF Men
785,ITF Men
785,ITF Men
785,ITF Men
213,ITF Women
213,ITF Women
213,ITF Women
213,ITF Women
871,WTA 125K
871,WTA 125K
6,WTA
6,WTA
871,WTA 125K
871,WTA 125K
785,ITF Men
785,ITF Men
213,ITF Women
213,ITF Women
871,WTA 125K
871,WTA 125K
785,ITF Men
785,ITF Men
213,ITF Women
213,ITF Women
72,Challenger
72,Challenger
72,Challenger
72,Challenger
72,Challenger
72,Challenger
72,Challenger
72,Challenger
785,ITF Men
785,ITF Men
213,ITF Women
213,ITF Women
785,ITF Men
785,ITF Men
213,ITF Women
213,ITF Women
72,Challenger
72,Challenger
72,Challenger
72,Challenger
72,Challenger
72,Challenger
72,Challenger
72,Challenger
72,Challenger
72,Challenger
213,ITF Women
213,ITF Women
785,ITF Men
785,ITF Men
785,ITF Men
785,ITF Men
213,ITF Women
213,ITF Women
213,ITF Women
213,ITF Women
72,Challenger
72,Challenger
72,Challenger
72,Challenger
72,Challenger
72,Challenger
785,ITF Men
785,ITF Men
213,ITF Women
213,ITF Women
785,ITF Men
785,ITF Men
213,ITF Women
213,ITF Women
213,ITF Women
213,ITF Women
213,ITF Women
213,ITF Women
3,ATP
3,ATP
785,ITF Men
785,ITF Men
785,ITF Men
785,ITF Men
3,ATP
3,ATP
6,WTA
6,WTA
213,ITF Women
213,ITF Women
213,ITF Women
213,ITF Women
871,WTA 125K
871,WTA 125K
213,ITF Women
213,ITF Women
72,Challenger
72,Challenger
72,Challenger
72,Challenger
72,Challenger
72,Challenger
72,Challenger
72,Challenger
72,Challenger
72,Challenger
72,Challenger
72,Challenger
72,Challenger
72,Challenger
72,Challenger
72,Challenger
1475,Legends
72,Challenger
785,ITF Men
785,ITF Men
72,Challenger
72,Challenger
6,WTA
6,WTA
72,Challenger
72,Challenger
871,WTA 125K
871,WTA 125K
871,WTA 125K
871,WTA 125K
871,WTA 125K
871,WTA 125K
871,WTA 125K
871,WTA 125K
871,WTA 125K
871,WTA 125K
871,WTA 125K
871,WTA 125K
871,WTA 125K
871,WTA 125K
871,WTA 125K
871,WTA 125K
72,Challenger
72,Challenger
72,Challenger
72,Challenger
72,Challenger
871,WTA 125K
871,WTA 125K
72,Challenger
72,Challenger
72,Challenger
72,Challenger
72,Challenger
72,Challenger
871,WTA 125K
871,WTA 125K
871,WTA 125K
871,WTA 125K
213,ITF Women
213,ITF Women
871,WTA 125K
871,WTA 125K
785,ITF Men
785,ITF Men
213,ITF Women
213,ITF Women
213,ITF Women
785,ITF Men
213,ITF Women
785,ITF Men
785,ITF Men
785,ITF Men
785,ITF Men
785,ITF Men
785,ITF Men
785,ITF Men
213,ITF Women
213,ITF Women
213,ITF Women
213,ITF Women
72,Challenger
72,Challenger
72,Challenger
72,Challenger
72,Challenger
72,Challenger
72,Challenger
72,Challenger
72,Challenger
72,Challenger
72,Challenger
72,Challenger
72,Challenger
72,Challenger
6,WTA
6,WTA
6,WTA
6,WTA
6,WTA
6,WTA
785,ITF Men
785,ITF Men
213,ITF Women
213,ITF Women
213,ITF Women
213,ITF Women
785,ITF Men
785,ITF Men
785,ITF Men
785,ITF Men
785,ITF Men
785,ITF Men
785,ITF Men
785,ITF Men
785,ITF Men
785,ITF Men
785,ITF Men
785,ITF Men
213,ITF Women
213,ITF Women
72,Challenger
72,Challenger
72,Challenger
72,Challenger
72,Challenger
72,Challenger
72,Challenger
72,Challenger
72,Challenger
72,Challenger
72,Challenger
72,Challenger
213,ITF Women
213,ITF Women
785,ITF Men
785,ITF Men
2400,Wheelchairs Juniors
2400,Wheelchairs Juniors
785,ITF Men
785,ITF Men
785,ITF Men
785,ITF Men
785,ITF Men
785,ITF Men
213,ITF Women
213,ITF Women
213,ITF Women
213,ITF Women
6,WTA
6,WTA
1475,Legends
785,ITF Men
785,ITF Men
785,ITF Men
785,ITF Men
213,ITF Women
213,ITF Women
72,Challenger
72,Challenger
72,Challenger
72,Challenger
3,ATP
3,ATP
3,ATP
3,ATP
3,ATP
3,ATP
3,ATP
3,ATP
3,ATP
3,ATP
785,ITF Men
785,ITF Men
785,ITF Men
785,ITF Men
213,ITF Women
213,ITF Women
213,ITF Women
213,ITF Women
871,WTA 125K
871,WTA 125K
871,WTA 125K
871,WTA 125K
871,WTA 125K
871,WTA 125K
785,ITF Men
785,ITF Men
213,ITF Women
213,ITF Women
785,ITF Men
785,ITF Men
72,Challenger
72,Challenger
72,Challenger
72,Challenger
72,Challenger
72,Challenger
785,ITF Men
785,ITF Men
785,ITF Men
785,ITF Men
785,ITF Men
785,ITF Men
213,ITF Women
213,ITF Women
785,ITF Men
785,ITF Men
785,ITF Men
785,ITF Men
213,ITF Women
213,ITF Women
213,ITF Women
213,ITF Women
213,ITF Women
213,ITF Women
785,ITF Men
785,ITF Men
785,ITF Men
785,ITF Men
785,ITF Men
785,ITF Men
785,ITF Men
785,ITF Men
213,ITF Women
213,ITF Women
785,ITF Men
785,ITF Men
785,ITF Men
785,ITF Men
785,ITF Men
785,ITF Men
213,ITF Women
213,ITF Women
72,Challenger
72,Challenger
72,Challenger
72,Challenger
72,Challenger
72,Challenger
785,ITF Men
785,ITF Men
213,ITF Women
213,ITF Women
213,ITF Women
213,ITF Women
213,ITF Women
213,ITF Women
213,ITF Women
213,ITF Women
785,ITF Men
785,ITF Men
785,ITF Men
785,ITF Men
785,ITF Men
785,ITF Men
213,ITF Women
213,ITF Women
213,ITF Women
213,ITF Women
785,ITF Men
785,ITF Men
785,ITF Men
785,ITF Men
213,ITF Women
213,ITF Women
213,ITF Women
213,ITF Women
72,Challenger
72,Challenger
785,ITF Men
785,ITF Men
213,ITF Women
213,ITF Women
213,ITF Women
213,ITF Women
213,ITF Women
213,ITF Women
213,ITF Women
213,ITF Women
871,WTA 125K
871,WTA 125K
6,WTA
6,WTA
213,ITF Women
213,ITF Women
213,ITF Women
213,ITF Women
213,ITF Women
213,ITF Women
213,ITF Women
213,ITF Women
785,ITF Men
785,ITF Men
785,ITF Men
785,ITF Men
213,ITF Women
213,ITF Women
2414,United Cup
3,ATP
3,ATP
785,ITF Men
785,ITF Men
785,ITF Men
785,ITF Men
785,ITF Men
785,ITF Men
213,ITF Women
213,ITF Women
213,ITF Women
213,ITF Women
213,ITF Women
213,ITF Women
213,ITF Women
213,ITF Women
213,ITF Women
213,ITF Women
785,ITF Men
785,ITF Men
785,ITF Men
785,ITF Men
785,ITF Men
785,ITF Men
785,ITF Men
785,ITF Men
213,ITF Women
213,ITF Women
213,ITF Women
213,ITF Women
213,ITF Women
213,ITF Women
213,ITF Women
213,ITF Women
213,ITF Women
213,ITF Women
213,ITF Women
213,ITF Women
785,ITF Men
785,ITF Men
785,ITF Men
785,ITF Men
785,ITF Men
785,ITF Men
213,ITF Women
213,ITF Women
213,ITF Women
213,ITF Women
213,ITF Women
213,ITF Women
213,ITF Women
213,ITF Women
213,ITF Women
213,ITF Women
72,Challenger
72,Challenger
72,Challenger
72,Challenger
6,WTA
6,WTA
6,WTA
6,WTA
785,ITF Men
785,ITF Men
213,ITF Women
213,ITF Women
213,ITF Women
213,ITF Women
72,Challenger
72,Challenger
785,ITF Men
785,ITF Men
79,Exhibition
79,Exhibition
79,Exhibition
79,Exhibition
785,ITF Men
785,ITF Men
785,ITF Men
785,ITF Men
213,ITF Women
213,ITF Women
785,ITF Men
785,ITF Men
213,ITF Women
213,ITF Women
213,ITF Women
213,ITF Women
72,Challenger
72,Challenger
72,Challenger
72,Challenger
72,Challenger
72,Challenger
72,Challenger
72,Challenger
72,Challenger
72,Challenger
72,Challenger
72,Challenger
785,ITF Men
785,ITF Men
213,ITF Women
213,ITF Women
213,ITF Women
213,ITF Women
213,ITF Women
213,ITF Women
785,ITF Men
785,ITF Men
785,ITF Men
785,ITF Men
72,Challenger
72,Challenger
72,Challenger
72,Challenger
72,Challenger
72,Challenger
72,Challenger
72,Challenger
72,Challenger
72,Challenger
72,Challenger
72,Challenger
871,WTA 125K
871,WTA 125K
213,ITF Women
213,ITF Women
871,WTA 125K
871,WTA 125K
871,WTA 125K
871,WTA 125K
871,WTA 125K
871,WTA 125K
213,ITF Women
213,ITF Women
213,ITF Women
213,ITF Women
213,ITF Women
213,ITF Women
213,ITF Women
213,ITF Women
213,ITF Women
213,ITF Women
785,ITF Men
785,ITF Men
785,ITF Men
785,ITF Men
785,ITF Men
785,ITF Men
785,ITF Men
785,ITF Men
213,ITF Women
213,ITF Women
72,Challenger
72,Challenger
72,Challenger
72,Challenger
785,ITF Men
785,ITF Men
785,ITF Men
785,ITF Men
213,ITF Women
213,ITF Women
785,ITF Men
785,ITF Men
213,ITF Women
213,ITF Women
213,ITF Women
213,ITF Women
785,ITF Men
785,ITF Men
213,ITF Women
213,ITF Women
213,ITF Women
213,ITF Women
785,ITF Men
785,ITF Men
785,ITF Men
785,ITF Men
213,ITF Women
213,ITF Women
213,ITF Women
213,ITF Women
785,ITF Men
785,ITF Men
72,Challenger
72,Challenger
785,ITF Men
785,ITF Men
785,ITF Men
785,ITF Men
213,ITF Women
213,ITF Women
213,ITF Women
213,ITF Women
871,WTA 125K
871,WTA 125K
871,WTA 125K
871,WTA 125K
6,WTA
6,WTA
1475,Legends
785,ITF Men
785,ITF Men
785,ITF Men
785,ITF Men
785,ITF Men
785,ITF Men
213,ITF Women
213,ITF Women
213,ITF Women
213,ITF Women
72,Challenger
72,Challenger
785,ITF Men
785,ITF Men
785,ITF Men
785,ITF Men
213,ITF Women
213,ITF Women
785,ITF Men
785,ITF Men
72,Challenger
72,Challenger
785,ITF Men
785,ITF Men
785,ITF Men
785,ITF Men
213,ITF Women
213,ITF Women
72,Challenger
72,Challenger
785,ITF Men
785,ITF Men
785,ITF Men
785,ITF Men
785,ITF Men
785,ITF Men
785,ITF Men
785,ITF Men
871,WTA 125K
871,WTA 125K
785,ITF Men
785,ITF Men
785,ITF Men
785,ITF Men
785,ITF Men
213,ITF Women
213,ITF Women
785,ITF Men
785,ITF Men
785,ITF Men
785,ITF Men
213,ITF Women
213,ITF Women
785,ITF Men
785,ITF Men
213,ITF Women
213,ITF Women
785,ITF Men
785,ITF Men
785,ITF Men
785,ITF Men
871,WTA 125K
871,WTA 125K
785,ITF Men
785,ITF Men
785,ITF Men
785,ITF Men
213,ITF Women
213,ITF Women
72,Challenger
72,Challenger
72,Challenger
72,Challenger
871,WTA 125K
871,WTA 125K
785,ITF Men
785,ITF Men
785,ITF Men
785,ITF Men
213,ITF Women
213,ITF Women
213,ITF Women
213,ITF Women
785,ITF Men
785,ITF Men
785,ITF Men
785,ITF Men
785,ITF Men
785,ITF Men
213,ITF Women
213,ITF Women
213,ITF Women
213,ITF Women
213,ITF Women
213,ITF Women
871,WTA 125K
871,WTA 125K
785,ITF Men
785,ITF Men
785,ITF Men
785,ITF Men
785,ITF Men
785,ITF Men
785,ITF Men
785,ITF Men
213,ITF Women
213,ITF Women
213,ITF Women
213,ITF Women
785,ITF Men
785,ITF Men
213,ITF Women
213,ITF Women
213,ITF Women
213,ITF Women
785,ITF Men
785,ITF Men
785,ITF Men
785,ITF Men
213,ITF Women
213,ITF Women
213,ITF Women
213,ITF Women
72,Challenger
72,Challenger
785,ITF Men
785,ITF Men
785,ITF Men
785,ITF Men
213,ITF Women
213,ITF Women
785,ITF Men
785,ITF Men
213,ITF Women
213,ITF Women
3,ATP
3,ATP
213,ITF Women
213,ITF Women
213,ITF Women
213,ITF Women
785,ITF Men
785,ITF Men
785,ITF Men
785,ITF Men
213,ITF Women
213,ITF Women
213,ITF Women
213,ITF Women
213,ITF Women
213,ITF Women
213,ITF Women
213,ITF Women
785,ITF Men
785,ITF Men
213,ITF Women
213,ITF Women
213,ITF Women
213,ITF Women
213,ITF Women
213,ITF Women
213,ITF Women
213,ITF Women
785,ITF Men
785,ITF Men
213,ITF Women
213,ITF Women
213,ITF Women
213,ITF Women
213,ITF Women
213,ITF Women
213,ITF Women
213,ITF Women
871,WTA 125K
871,WTA 125K
871,WTA 125K
871,WTA 125K
785,ITF Men
785,ITF Men
785,ITF Men
785,ITF Men
785,ITF Men
785,ITF Men
213,ITF Women
213,ITF Women
213,ITF Women
213,ITF Women
213,ITF Women
213,ITF Women
785,ITF Men
785,ITF Men
785,ITF Men
785,ITF Men
213,ITF Women
213,ITF Women
213,ITF Women
213,ITF Women
785,ITF Men
785,ITF Men
785,ITF Men
785,ITF Men
213,ITF Women
213,ITF Women
213,ITF Women
213,ITF Women
72,Challenger
72,Challenger
72,Challenger
72,Challenger
213,ITF Women
213,ITF Women
213,ITF Women
213,ITF Women
3,ATP
3,ATP
6,WTA
6,WTA
871,WTA 125K
871,WTA 125K
72,Challenger
72,Challenger
72,Challenger
72,Challenger
72,Challenger
72,Challenger
72,Challenger
72,Challenger
871,WTA 125K
871,WTA 125K
871,WTA 125K
871,WTA 125K
871,WTA 125K
871,WTA 125K
785,ITF Men
785,ITF Men
72,Challenger
72,Challenger
72,Challenger
72,Challenger
72,Challenger
72,Challenger
72,Challenger
72,Challenger
72,Challenger
72,Challenger
72,Challenger
72,Challenger
785,ITF Men
785,ITF Men
785,ITF Men
785,ITF Men
72,Challenger
72,Challenger
72,Challenger
72,Challenger
72,Challenger
72,Challenger
785,ITF Men
785,ITF Men
2400,Wheelchairs Juniors
2400,Wheelchairs Juniors
2400,Wheelchairs Juniors
2400,Wheelchairs Juniors
785,ITF Men
785,ITF Men
72,Challenger
72,Challenger
785,ITF Men
785,ITF Men
785,ITF Men
785,ITF Men
213,ITF Women
213,ITF Women
213,ITF Women
213,ITF Women
3,ATP
3,ATP
213,ITF Women
213,ITF Women
785,ITF Men
785,ITF Men
785,ITF Men
785,ITF Men
213,ITF Women
213,ITF Women
871,WTA 125K
871,WTA 125K
871,WTA 125K
871,WTA 125K
6,WTA
6,WTA
785,ITF Men
785,ITF Men
785,ITF Men
785,ITF Men
213,ITF Women
213,ITF Women
72,Challenger
72,Challenger
72,Challenger
72,Challenger
72,Challenger
72,Challenger
72,Challenger
72,Challenger
785,ITF Men
785,ITF Men
785,ITF Men
785,ITF Men
785,ITF Men
785,ITF Men
785,ITF Men
785,ITF Men
72,Challenger
72,Challenger
785,ITF Men
785,ITF Men
72,Challenger
72,Challenger
72,Challenger
72,Challenger
213,ITF Women
213,ITF Women
6,WTA
6,WTA
871,WTA 125K
871,WTA 125K
213,ITF Women
213,ITF Women
213,ITF Women
213,ITF Women
213,ITF Women
213,ITF Women
213,ITF Women
213,ITF Women
213,ITF Women
213,ITF Women
213,ITF Women
213,ITF Women
213,ITF Women
213,ITF Women
213,ITF Women
213,ITF Women
72,Challenger
72,Challenger
213,ITF Women
213,ITF Women
213,ITF Women
213,ITF Women
72,Challenger
72,Challenger
72,Challenger
72,Challenger
785,ITF Men
785,ITF Men
213,ITF Women
213,ITF Women
213,ITF Women
213,ITF Women
785,ITF Men
785,ITF Men
785,ITF Men
785,ITF Men
785,ITF Men
785,ITF Men
213,ITF Women
213,ITF Women
213,ITF Women
213,ITF Women
871,WTA 125K
871,WTA 125K
871,WTA 125K
871,WTA 125K
871,WTA 125K
871,WTA 125K
785,ITF Men
785,ITF Men
785,ITF Men
785,ITF Men
785,ITF Men
785,ITF Men
213,ITF Women
213,ITF Women
213,ITF Women
213,ITF Women
785,ITF Men
785,ITF Men
785,ITF Men
785,ITF Men
785,ITF Men
785,ITF Men
785,ITF Men
785,ITF Men
213,ITF Women
213,ITF Women
213,ITF Women
213,ITF Women
213,ITF Women
213,ITF Women
213,ITF Women
213,ITF Women
6,WTA
6,WTA
785,ITF Men
785,ITF Men
785,ITF Men
785,ITF Men
785,ITF Men
785,ITF Men
785,ITF Men
785,ITF Men
785,ITF Men
785,ITF Men
785,ITF Men
785,ITF Men
213,ITF Women
213,ITF Women
213,ITF Women
213,ITF Women
213,ITF Women
213,ITF Women
213,ITF Women
213,ITF Women
72,Challenger
72,Challenger
785,ITF Men
785,ITF Men
785,ITF Men
785,ITF Men
785,ITF Men
785,ITF Men
785,ITF Men
785,ITF Men
213,ITF Women
213,ITF Women
785,ITF Men
785,ITF Men
785,ITF Men
785,ITF Men
213,ITF Women
213,ITF Women
785,ITF Men
785,ITF Men
785,ITF Men
785,ITF Men
213,ITF Women
213,ITF Women
213,ITF Women
213,ITF Women
213,ITF Women
213,ITF Women
6,WTA
6,WTA
6,WTA
6,WTA
213,ITF Women
213,ITF Women
213,ITF Women
213,ITF Women
72,Challenger
72,Challenger
72,Challenger
72,Challenger
785,ITF Men
785,ITF Men
785,ITF Men
785,ITF Men
785,ITF Men
785,ITF Men
785,ITF Men
785,ITF Men
785,ITF Men
785,ITF Men
213,ITF Women
213,ITF Women
213,ITF Women
213,ITF Women
213,ITF Women
213,ITF Women
79,Exhibition
785,ITF Men
785,ITF Men
785,ITF Men
785,ITF Men
785,ITF Men
785,ITF Men
785,ITF Men
785,ITF Men
213,ITF Women
213,ITF Women
213,ITF Women
213,ITF Women
785,ITF Men
785,ITF Men
213,ITF Women
213,ITF Women
213,ITF Women
213,ITF Women
785,ITF Men
785,ITF Men
785,ITF Men
785,ITF Men
785,ITF Men
785,ITF Men
213,ITF Women
213,ITF Women
213,ITF Women
213,ITF Women
213,ITF Women
213,ITF Women
213,ITF Women
213,ITF Women
785,ITF Men
785,ITF Men
785,ITF Men
785,ITF Men
785,ITF Men
785,ITF Men
785,ITF Men
785,ITF Men
785,ITF Men
785,ITF Men
213,ITF Women
213,ITF Women
213,ITF Women
213,ITF Women
785,ITF Men
785,ITF Men
785,ITF Men
785,ITF Men
785,ITF Men
785,ITF Men
213,ITF Women
213,ITF Women
213,ITF Women
213,ITF Women
213,ITF Women
213,ITF Women
213,ITF Women
213,ITF Women
213,ITF Women
213,ITF Women
213,ITF Women
213,ITF Women
785,ITF Men
785,ITF Men
72,Challenger
72,Challenger
72,Challenger
72,Challenger
72,Challenger
72,Challenger
785,ITF Men
785,ITF Men
785,ITF Men
785,ITF Men
785,ITF Men
785,ITF Men
785,ITF Men
785,ITF Men
213,ITF Women
213,ITF Women
213,ITF Women
213,ITF Women
213,ITF Women
213,ITF Women
213,ITF Women
213,ITF Women
213,ITF Women
213,ITF Women
871,WTA 125K
871,WTA 125K
785,ITF Men
785,ITF Men
213,ITF Women
213,ITF Women
213,ITF Women
213,ITF Women
785,ITF Men
785,ITF Men
785,ITF Men
785,ITF Men
213,ITF Women
213,ITF Women
213,ITF Women
213,ITF Women
2517,UTR Women
2517,UTR Women
2516,UTR Men
2516,UTR Men
2516,UTR Men
2517,UTR Women
2517,UTR Women
2517,UTR Women
871,WTA 125K
871,WTA 125K
2516,UTR Men
2516,UTR Men
2516,UTR Men
2516,UTR Men
72,Challenger
72,Challenger
72,Challenger
72,Challenger
72,Challenger
72,Challenger
72,Challenger
72,Challenger
72,Challenger
72,Challenger
2516,UTR Men
2516,UTR Men
2517,UTR Women
2517,UTR Women
2517,UTR Women
2517,UTR Women
2517,UTR Women
2516,UTR Men
2516,UTR Men
2516,UTR Men
2516,UTR Men
2517,UTR Women
2517,UTR Women
2517,UTR Women
871,WTA 125K
871,WTA 125K
2516,UTR Men
2516,UTR Men
2516,UTR Men
2516,UTR Men
2517,UTR Women
2517,UTR Women
2517,UTR Women
79,Exhibition
79,Exhibition
2516,UTR Men
2516,UTR Men
2516,UTR Men
2516,UTR Men
2517,UTR Women
2517,UTR Women
871,WTA 125K
871,WTA 125K
72,Challenger
72,Challenger
72,Challenger
72,Challenger
72,Challenger
72,Challenger
871,WTA 125K
871,WTA 125K
